,YEAR,EQ_PRIMARY,DEATHS,FOCAL_DEPTH,REGION_CODE,INJURIES,COUNTRY
2,-2000,7.1,1.0,18.0,Asia,,TURKMENISTAN
16,-426,7.1,2500.0,,Europe,,GREECE
33,-186,7.0,760.0,,Asia,,CHINA
35,-70,7.0,6000.0,,Asia,,CHINA
46,-26,5.5,13.0,,Asia,,CHINA
73,115,7.5,260000.0,,Middle East,,TURKEY
92,294,5.5,101.0,,Asia,,CHINA
143,512,7.5,5130.0,,Asia,2720.0,CHINA
148,525,7.0,250000.0,,Middle East,,TURKEY
150,528,7.1,4870.0,,Middle East,,TURKEY
154,551,7.1,5000.0,,Europe,,GREECE
173,649,5.5,50.0,,Asia,,CHINA
184,734,7.0,101.0,,Asia,,CHINA
201,778,5.6,48.0,,Europe,,ITALY
202,780,6.3,100.0,,Asia,,SOUTH KOREA
210,814,7.0,101.0,,Asia,,CHINA
225,851,5.2,12000.0,10.0,Asia,,ARMENIA
233,856,7.9,200000.0,,Middle East,,IRAN
236,858,5.2,12000.0,10.0,Middle East,,TURKEY
247,871,6.8,20000.0,,Middle East,,IRAN
275,978,5.3,2000.0,,Middle East,,IRAN
289,1008,6.5,16000.0,,Middle East,,IRAN
298,1038,7.3,32300.0,,Asia,,CHINA
302,1042,7.6,50000.0,15.0,Middle East,,IRAN
308,1057,6.8,25000.0,,Asia,,CHINA
331,1096,8.4,400.0,,Asia,,JAPAN
333,1101,6.5,60000.0,10.0,Middle East,,IRAN
356,1143,6.0,10000.0,,Asia,,CHINA
382,1202,7.6,30000.0,,Middle East,,SYRIA
385,1208,6.1,2000.0,10.0,Asia,,TURKMENISTAN
386,1209,6.3,3000.0,,Asia,,CHINA
389,1219,6.5,10000.0,,Asia,,CHINA
426,1290,6.8,100000.0,,Asia,,CHINA
428,1291,6.5,150.0,,Asia,,CHINA
430,1293,7.1,23024.0,,Asia,,JAPAN
438,1303,8.0,4000.0,,Europe,,GREECE
441,1305,6.5,2000.0,,Asia,,CHINA
442,1306,6.5,5000.0,,Asia,,CHINA
447,1314,6.0,340.0,,Asia,,CHINA
458,1336,7.6,20000.0,,Middle East,,IRAN
493,1372,4.8,16.0,,Asia,,CHINA
533,1440,6.3,200.0,,Asia,,CHINA
571,1482,7.5,30000.0,,Middle East,,TURKEY
577,1487,6.3,1900.0,,Asia,,CHINA
586,1494,5.5,3.0,,Asia,,CHINA
600,1501,7.0,400.0,,Asia,,CHINA
604,1502,6.5,50.0,,Asia,,CHINA
617,1509,7.7,5000.0,,Middle East,10000.0,TURKEY
624,1511,6.5,15.0,7.0,Europe,,SLOVENIA
632,1515,7.0,100.0,,Asia,,CHINA
650,1531,7.7,30000.0,,Europe,,PORTUGAL
653,1536,7.3,3.0,,Asia,,CHINA
679,1556,8.0,830000.0,,Asia,,CHINA
685,1560,5.5,100.0,,Asia,,CHINA
686,1561,7.3,1001.0,,Asia,,CHINA
693,1564,5.8,650.0,,Europe,,FRANCE
699,1568,6.8,200.0,,Asia,,CHINA
710,1575,8.5,21.0,,South America,,CHILE
712,1577,6.5,170.0,,Asia,,CHINA
715,1579,5.0,10.0,,Asia,,CHINA
722,1584,5.9,100.0,,Europe,,SWITZERLAND
727,1586,8.2,8000.0,,Asia,,JAPAN
728,1586,5.5,20.0,,Asia,,CHINA
729,1586,8.5,22.0,60.0,South America,,PERU
757,1601,6.2,9.0,,Europe,,SWITZERLAND
761,1604,8.5,100.0,30.0,South America,,PERU
767,1605,7.5,2000.0,,Asia,,CHINA
768,1606,6.5,2000.0,,Asia,,CHINA
774,1609,7.3,840.0,,Asia,,CHINA
777,1610,7.9,60.0,,South America,,VENEZUELA
781,1611,5.5,2.0,,Asia,,CHINA
789,1613,5.6,103.0,,Europe,,ITALY
809,1619,8.6,350.0,40.0,South America,,PERU
821,1622,7.0,12000.0,,Asia,,CHINA
826,1626,7.0,5200.0,,Asia,,CHINA
830,1627,6.7,5000.0,,Europe,,ITALY
833,1628,6.3,63.0,,Asia,,CHINA
848,1633,7.1,150.0,,Asia,,JAPAN
852,1634,6.0,30.0,,Asia,,CHINA
855,1636,7.2,520.0,,Europe,,GREECE
859,1638,7.0,9581.0,,Europe,,ITALY
886,1645,8.0,600.0,,Central and South Pacific,2500.0,PHILIPPINES
894,1647,8.5,1000.0,,South America,,CHILE
908,1652,6.8,3000.0,,Asia,,CHINA
909,1653,7.5,2500.0,,Middle East,,TURKEY
911,1654,8.0,10400.0,,Asia,,CHINA
947,1664,7.3,400.0,15.0,South America,,PERU
948,1664,6.3,50.0,,Asia,,SOUTH KOREA
958,1667,7.2,5000.0,,Europe,,CROATIA
962,1667,6.9,80000.0,12.0,Asia,,AZERBAIJAN
968,1668,6.6,17500.0,,Middle East,,TURKEY
969,1668,8.5,42578.0,,Asia,,CHINA
971,1669,5.7,7000.0,5.0,Asia,,AZERBAIJAN
981,1672,5.6,1500.0,,Europe,,ITALY
987,1673,6.6,5600.0,,Middle East,,IRAN
990,1674,6.8,86.0,40.0,Central and South Pacific,35.0,INDONESIA
1004,1678,7.4,1.0,,Asia,,JAPAN
1006,1679,5.9,7600.0,15.0,Middle East,,TURKEY
1007,1679,8.0,13162.0,,Asia,,CHINA
1010,1680,6.8,2700.0,,Asia,,CHINA
1019,1683,7.0,1001.0,,Asia,,CHINA
1026,1687,8.5,5000.0,30.0,South America,,PERU
1034,1688,6.3,190.0,,Asia,,CHINA
1035,1688,7.0,16000.0,,Middle East,,TURKEY
1046,1693,6.0,60000.0,,Europe,,ITALY
1052,1695,8.0,20000.0,,Asia,,CHINA
1071,1703,6.7,10000.0,,Europe,,ITALY
1074,1703,8.2,5233.0,,Asia,,JAPAN
1083,1707,5.8,160.0,10.0,South America,,PERU
1085,1707,8.4,5000.0,,Asia,,JAPAN
1091,1709,7.5,2032.0,,Asia,,CHINA
1098,1711,6.7,1000.0,,Asia,,JAPAN
1099,1713,6.8,2100.0,,Asia,,CHINA
1121,1718,7.5,73000.0,,Asia,,CHINA
1134,1721,7.7,40000.0,,Middle East,,IRAN
1140,1725,7.7,1500.0,60.0,South America,,PERU
1142,1725,6.0,614.0,,Asia,184.0,CHINA
1158,1730,9.1,2.0,,South America,,CHILE
1159,1730,6.5,658.0,,Asia,,CHINA
1176,1736,6.0,260.0,,Asia,100.0,TAIWAN
1186,1738,6.5,336.0,,Asia,,CHINA
1187,1739,8.0,50000.0,,Asia,,CHINA
1207,1746,8.0,1141.0,30.0,South America,,PERU
1210,1748,5.5,15.0,,Asia,,CHINA
1214,1748,6.0,5.0,,Asia,,CHINA
1215,1748,5.5,40.0,,Asia,,CHINA
1220,1750,6.0,37.0,,Asia,,CHINA
1227,1751,6.6,2100.0,,Asia,,JAPAN
1229,1751,6.8,900.0,,Asia,,CHINA
1242,1754,6.5,4.0,,Central and South Pacific,,INDONESIA
1246,1755,6.5,270.0,,Asia,80.0,CHINA
1247,1755,6.0,70.0,,Asia,20.0,CHINA
1251,1755,8.5,50000.0,,Europe,,PORTUGAL
1256,1757,7.0,1000.0,,South America,,ECUADOR
1274,1761,6.0,120.0,,Asia,120.0,CHINA
1275,1761,6.0,50.0,,Asia,30.0,CHINA
1282,1763,6.2,83.0,,Europe,,HUNGARY
1284,1763,6.5,1000.0,,Asia,,CHINA
1288,1765,6.5,2068.0,,Asia,,CHINA
1290,1766,6.9,1700.0,,Asia,,JAPAN
1293,1766,6.8,40.0,25.0,Caribbean,700.0,CUBA
1347,1779,6.5,10000.0,,Middle East,,IRAN
1348,1780,7.7,50000.0,20.0,Middle East,,IRAN
1359,1783,6.9,30000.0,13.0,Europe,,ITALY
1372,1784,8.0,383.0,,South America,,PERU
1379,1785,6.0,36.0,,Asia,,CHINA
1383,1786,7.5,435.0,,Asia,,CHINA
1407,1791,7.0,50.0,,Europe,80.0,GREECE
1413,1792,6.8,252.0,,Asia,432.0,TAIWAN
1415,1792,6.0,205.0,,Asia,,CHINA
1417,1793,6.9,12.0,,Asia,,JAPAN
1418,1793,8.3,25.0,,Asia,,JAPAN
1420,1793,6.0,200.0,,Asia,30.0,CHINA
1432,1797,8.3,40000.0,,South America,,ECUADOR
1444,1799,6.5,2000.0,,Asia,,CHINA
1459,1802,6.6,19.0,,Asia,,JAPAN
1460,1803,6.0,200.0,,Asia,,CHINA
1465,1804,7.3,450.0,,Asia,,JAPAN
1473,1806,7.7,100.0,,Asia,,CHINA
1476,1808,5.7,2.0,,Europe,,ITALY
1488,1810,6.6,59.0,,Asia,,JAPAN
1491,1811,7.0,21.0,,Asia,21.0,TAIWAN
1492,1811,6.5,480.0,,Asia,,CHINA
1502,1812,7.7,26000.0,33.0,South America,,VENEZUELA
1506,1812,6.9,40.0,,North America and Hawaii,,USA
1507,1812,7.5,1.0,,North America and Hawaii,,USA
1511,1814,5.3,4.0,,Asia,,CHINA
1513,1814,6.0,900.0,,Asia,,CHINA
1517,1815,6.5,111.0,,Asia,,TAIWAN
1518,1815,6.8,13000.0,,Asia,,CHINA
1519,1815,7.0,10253.0,150.0,Asia,,INDONESIA
1523,1816,7.5,23.0,33.0,Central America,,GUATEMALA
1524,1816,6.5,2854.0,,Asia,,CHINA
1526,1817,8.0,4.0,,Europe,,FRANCE
1537,1819,5.8,126.0,,Asia,58.0,CHINA
1543,1819,7.7,1543.0,,Asia,,INDIA
1548,1820,6.0,430.0,,Asia,590.0,CHINA
1550,1820,6.9,8.0,,Europe,,GREECE
1561,1822,5.5,23.0,,Asia,20.0,CHINA
1564,1822,8.5,72.0,,South America,200.0,CHILE
1583,1825,6.8,58.0,,Europe,,GREECE
1594,1827,5.3,84.0,,Asia,,CHINA
1598,1827,7.0,250.0,,South America,,COLOMBIA
1601,1828,8.3,30.0,50.0,South America,,PERU
1614,1829,6.0,200.0,,Asia,,CHINA
1619,1830,6.3,40.0,16.0,Asia,,RUSSIA
1622,1830,7.5,7477.0,,Asia,,CHINA
1629,1831,6.3,33.0,,Asia,,CHINA
1641,1833,8.0,6700.0,,Asia,,CHINA
1642,1833,7.7,700.0,,South America,25.0,PERU
1644,1833,7.4,35.0,,Asia,,JAPAN
1645,1834,7.0,80.0,5.0,South America,,COLOMBIA
1658,1834,5.5,88.0,,Asia,,CHINA
1659,1835,8.2,50.0,,South America,500.0,CHILE
1671,1837,6.4,5000.0,,Middle East,,ISRAEL
1676,1837,6.0,37.0,,Asia,,CHINA
1687,1839,7.8,390.0,33.0,Caribbean,,MARTINIQUE
1688,1839,6.0,100.0,,Asia,,CHINA
1689,1839,6.0,129.0,,Asia,18.0,CHINA
1695,1839,6.5,117.0,,Asia,534.0,TAIWAN
1700,1840,6.5,17.0,,Central and South Pacific,200.0,PHILIPPINES
1701,1840,6.7,1049.0,,Middle East,,TURKEY
1713,1842,8.1,5000.0,,Caribbean,,HAITI
1721,1843,8.3,5000.0,33.0,Caribbean,,GUADELOUPE
1730,1844,6.4,1500.0,,Middle East,,IRAN
1736,1845,7.0,118.0,,Central and South Pacific,,INDONESIA
1739,1845,6.0,380.0,,Asia,,TAIWAN
1753,1846,6.1,56.0,5.0,Europe,,ITALY
1756,1847,7.4,12000.0,,Asia,,JAPAN
1772,1848,6.0,3.0,,Central and South Pacific,,NEW ZEALAND
1773,1848,6.8,1001.0,,Asia,,TAIWAN
1775,1849,6.0,40.0,13.0,South America,,VENEZUELA
1781,1850,7.5,20650.0,,Asia,,CHINA
1793,1851,6.6,2000.0,,Europe,,ALBANIA
1800,1852,5.8,2000.0,10.0,Middle East,,IRAN
1802,1852,6.0,300.0,,Asia,400.0,CHINA
1804,1852,7.3,17.0,,Middle East,,TURKEY
1805,1852,7.5,3.0,,Central and South Pacific,1.0,PHILIPPINES
1821,1853,6.7,1000.0,14.0,Caribbean,,VENEZUELA
1844,1854,8.3,300.0,,Asia,,JAPAN
1851,1855,6.7,1900.0,,Middle East,,TURKEY
1856,1855,6.7,1300.0,,Middle East,,TURKEY
1866,1855,7.0,6757.0,,Asia,,JAPAN
1868,1855,5.5,7.0,,Asia,,CHINA
1876,1856,5.5,300.0,,Asia,,CHINA
1889,1857,7.0,36.0,50.0,Asia,,INDONESIA
1897,1857,6.5,10000.0,,Europe,,ITALY
1916,1859,6.1,15000.0,,Middle East,,TURKEY
1917,1859,5.9,100.0,10.0,Asia,,AZERBAIJAN
1926,1859,7.6,10.0,,South America,,CHILE
1946,1861,6.0,2.0,,Asia,8.0,CHINA
1949,1861,7.5,17.0,,Europe,,GREECE
1955,1862,6.5,2000.0,,Asia,,TAIWAN
1956,1862,6.5,3.0,,Africa,,GHANA
1958,1862,6.1,800.0,,Middle East,,TURKEY
1965,1863,6.5,400.0,,Central and South Pacific,2000.0,PHILIPPINES
1972,1863,5.5,9.0,,Asia,10.0,CHINA
1973,1863,6.7,2.0,,Middle East,,TURKEY
1982,1864,6.4,100.0,,Middle East,,IRAQ
2008,1867,7.9,200.0,100.0,Europe,,GREECE
2009,1867,7.0,500.0,,Europe,,GREECE
2020,1868,7.9,31.0,,North America and Hawaii,,USA
2029,1868,8.5,25000.0,25.0,South America,,CHILE
2033,1868,7.7,70000.0,20.0,South America,,ECUADOR
2040,1868,6.8,30.0,,North America and Hawaii,,USA
2062,1869,7.5,3.0,,Europe,,TURKEY
2064,1870,7.3,2300.0,,Asia,,CHINA
2066,1870,7.9,24.0,,North America and Hawaii,20.0,MEXICO
2071,1870,7.0,100.0,,Europe,,GREECE
2073,1870,7.5,100.0,,Europe,,GREECE
2094,1871,5.6,2000.0,15.0,Middle East,,IRAN
2096,1872,6.3,4000.0,15.0,Middle East,,IRAN
2101,1872,7.4,804.0,,Asia,200.0,JAPAN
2102,1872,7.8,27.0,,North America and Hawaii,56.0,USA
2104,1872,7.3,1800.0,,Middle East,,TURKEY
2135,1875,7.5,25.0,,North America and Hawaii,,MEXICO
2139,1875,7.3,1300.0,,Middle East,,TURKEY
2142,1875,7.5,1001.0,20.0,South America,,COLOMBIA
2157,1877,8.3,103.0,40.0,South America,,CHILE
2174,1878,5.9,400.0,13.0,South America,,VENEZUELA
2176,1878,6.7,40.0,,Middle East,500.0,TURKEY
2180,1878,5.5,70.0,,Asia,,CHINA
2188,1879,6.7,2000.0,,Middle East,,IRAN
2189,1879,6.7,700.0,15.0,Middle East,,IRAN
2191,1879,8.0,22000.0,,Asia,,CHINA
2198,1880,5.5,8.0,,Asia,9.0,CHINA
2201,1880,7.5,20.0,100.0,Central and South Pacific,50.0,PHILIPPINES
2204,1880,6.7,30.0,,Middle East,,TURKEY
2205,1880,7.7,2.0,,South America,,CHILE
2214,1881,5.5,11.0,,Asia,,TAIWAN
2216,1881,7.3,7866.0,,Europe,,GREECE
2223,1881,6.5,480.0,,Asia,,CHINA
2229,1881,6.1,12.0,,Middle East,,TURKEY
2243,1882,5.8,11.0,,Asia,,CHINA
2244,1882,6.3,8.0,,Asia,3.0,TAIWAN
2249,1883,7.3,15000.0,,Middle East,,TURKEY
2257,1884,6.5,17.0,,Asia,80.0,CHINA
2259,1884,6.7,745.0,,Europe,1475.0,SPAIN
2261,1885,6.0,80.0,,Asia,,CHINA
2272,1885,6.9,75.0,,Asia,,BANGLADESH
2275,1885,6.9,54.0,15.0,Asia,,KYRGYZSTAN
2278,1885,5.9,33.0,,Africa,,ALGERIA
2280,1885,5.0,4.0,,Asia,,CHINA
2282,1886,7.5,600.0,,Europe,,GREECE
2283,1886,7.3,60.0,,North America and Hawaii,,USA
2288,1887,8.0,44.0,80.0,North America and Hawaii,,MEXICO
2298,1887,6.8,2000.0,,Asia,3000.0,CHINA
2299,1888,7.5,1.0,,Caribbean,,TRINIDAD AND TOBAGO
2313,1889,6.3,20.0,,Asia,74.0,JAPAN
2318,1889,6.9,25.0,,Europe,,GREECE
2322,1890,7.2,171.0,10.0,Middle East,,IRAN
2328,1891,5.8,31.0,,Asia,,CHINA
2333,1891,8.4,7273.0,,Asia,,JAPAN
2350,1893,6.7,400.0,,Middle East,,TURKEY
2360,1893,6.8,288.0,,Asia,133.0,CHINA
2361,1893,6.6,18000.0,,Middle East,,IRAN
2362,1893,6.8,90.0,,Asia,32.0,CHINA
2367,1894,7.9,1.0,40.0,Asia,6.0,JAPAN
2368,1894,6.7,255.0,,Europe,,GREECE
2370,1894,8.2,400.0,20.0,South America,,VENEZUELA
2371,1894,7.5,24.0,,Asia,157.0,JAPAN
2375,1894,7.0,726.0,,Asia,,JAPAN
2379,1895,6.8,1000.0,,Middle East,,IRAN
2381,1895,6.1,7.0,16.0,Europe,,SLOVENIA
2402,1896,5.8,26.0,,Asia,12.0,CHINA
2405,1896,6.5,7.0,,Asia,4.0,CHINA
2408,1896,8.3,27122.0,,Asia,9247.0,JAPAN
2414,1896,6.6,7.0,25.0,Asia,5.0,CHINA
2417,1897,6.1,1600.0,33.0,Middle East,,IRAN
2422,1897,6.0,56.0,,Asia,100.0,TAIWAN
2429,1897,8.0,1542.0,33.0,Asia,,INDIA
2447,1898,6.0,47.0,,Asia,85.0,CHINA
2451,1898,6.5,6.0,,South America,,CHILE
2453,1898,5.5,12.0,,Asia,,CHINA
2465,1899,6.7,1117.0,,Middle East,,TURKEY
2466,1899,7.8,2460.0,,Central and South Pacific,300.0,INDONESIA
2471,1899,6.4,6.0,,North America and Hawaii,8.0,USA
2472,1899,5.6,247.0,,Middle East,,TURKEY
2480,1900,5.9,140.0,,Middle East,,TURKEY
2488,1900,8.4,25.0,25.0,Caribbean,,VENEZUELA
2494,1901,6.4,4.0,,Europe,50.0,BULGARIA
2495,1901,7.2,4.0,,Europe,50.0,BULGARIA
2501,1901,8.2,18.0,33.0,Asia,,JAPAN
2510,1902,7.0,2.0,,North America and Hawaii,,MEXICO
2514,1902,6.9,86.0,15.0,Asia,60.0,AZERBAIJAN
2516,1902,5.5,4.0,,Middle East,,TURKEY
2517,1902,7.5,2000.0,33.0,Central America,,GUATEMALA
2524,1902,7.7,2500.0,30.0,Asia,,CHINA
2526,1902,5.5,6.0,,Asia,,CHINA
2531,1902,6.4,4880.0,9.0,Asia,,UZBEKISTAN
2537,1903,5.7,20.0,,Middle East,,ISRAEL
2540,1903,6.3,3560.0,,Middle East,,TURKEY
2543,1903,5.8,1000.0,,Middle East,,TURKEY
2548,1903,7.8,2.0,100.0,Europe,,GREECE
2550,1903,6.5,350.0,,Middle East,,IRAN
2558,1904,6.0,3.0,,Asia,10.0,TAIWAN
2564,1904,6.2,4.0,10.0,Europe,,GREECE
2567,1904,6.0,400.0,,Asia,,CHINA
2570,1904,6.3,145.0,,Asia,158.0,TAIWAN
2577,1905,7.8,19000.0,25.0,Asia,,INDIA
2582,1905,6.6,120.0,20.0,Europe,,ALBANIA
2583,1905,7.8,11.0,100.0,Asia,,JAPAN
2590,1905,7.1,557.0,15.0,Europe,2000.0,ITALY
2595,1905,5.0,13.0,,Asia,,CHINA
2606,1906,8.6,1000.0,25.0,South America,,ECUADOR
2612,1906,6.8,1258.0,,Asia,145.0,TAIWAN
2615,1906,6.5,15.0,,Asia,84.0,TAIWAN
2616,1906,7.9,700.0,20.0,North America and Hawaii,,USA
2618,1906,5.3,1.0,,Asia,,CHINA
2622,1906,8.2,4000.0,25.0,South America,,CHILE
2631,1906,8.3,280.0,33.0,Asia,,CHINA
2635,1907,6.5,1000.0,,Caribbean,,JAMAICA
2639,1907,8.3,8.0,60.0,North America and Hawaii,,MEXICO
2640,1907,7.6,2.0,,Central and South Pacific,,PHILIPPINES
2651,1907,7.4,12000.0,35.0,Asia,,TAJIKISTAN
2652,1907,5.9,158.0,33.0,Europe,,ITALY
2669,1908,7.0,78000.0,40.0,Europe,,ITALY
2670,1909,5.8,8.0,,Middle East,,TURKEY
2671,1909,7.7,5500.0,33.0,Middle East,,IRAN
2680,1909,7.3,9.0,,Asia,51.0,TAIWAN
2681,1909,6.6,30.0,,Europe,,PORTUGAL
2683,1909,6.5,21.0,,Asia,,CHINA
2687,1909,6.2,40.0,,Europe,,FRANCE
2693,1909,6.9,41.0,33.0,Asia,,JAPAN
2696,1909,7.2,231.0,60.0,Asia,,PAKISTAN
2701,1909,7.3,4.0,,Asia,,TAIWAN
2708,1910,7.8,60.0,200.0,Asia,,TAIWAN
2715,1910,6.4,12.0,33.0,Africa,,ALGERIA
2722,1910,7.3,2.0,,Africa,,ZAMBIA
2726,1911,7.7,450.0,25.0,Asia,,KAZAKHSTAN
2729,1911,7.4,90.0,26.0,Asia,,TAJIKISTAN
2731,1911,6.7,700.0,50.0,Middle East,,IRAN
2735,1911,7.9,45.0,11.0,North America and Hawaii,22.0,MEXICO
2736,1911,8.0,12.0,160.0,Asia,,JAPAN
2752,1912,7.8,3000.0,60.0,Middle East,1575.0,TURKEY
2764,1913,7.8,138.0,15.0,Central and South Pacific,,INDONESIA
2765,1913,5.8,11.0,,Middle East,,IRAN
2778,1913,6.3,150.0,10.0,South America,,PERU
2780,1913,7.0,942.0,10.0,Asia,112.0,CHINA
2781,1914,7.1,29.0,,Asia,,JAPAN
2786,1914,7.2,94.0,33.0,Asia,,JAPAN
2788,1914,4.9,120.0,,Europe,,ITALY
2792,1914,7.6,20.0,35.0,Asia,20.0,INDONESIA
2793,1914,7.5,1.0,,Asia,,CHINA
2795,1914,7.0,4000.0,,Middle East,700.0,TURKEY
2800,1914,6.3,14.0,30.0,Europe,,GREECE
2802,1915,7.5,29978.0,10.0,Europe,,ITALY
2808,1915,6.2,6.0,,North America and Hawaii,,USA
2816,1915,7.0,170.0,,Asia,,CHINA
2836,1916,6.5,180.0,,Asia,,TAIWAN
2841,1916,6.0,1.0,,Asia,20.0,TAIWAN
2842,1917,6.3,54.0,,Asia,85.0,TAIWAN
2843,1917,6.6,1500.0,,Asia,,INDONESIA
2848,1917,6.4,7.0,,Central and South Pacific,2.0,PHILIPPINES
2858,1917,6.8,1800.0,33.0,Asia,,CHINA
2861,1917,7.3,6.0,40.0,South America,,COLOMBIA
2865,1917,6.0,2650.0,,Central America,,GUATEMALA
2870,1918,7.3,2000.0,23.0,Asia,,CHINA
2876,1918,8.3,46.0,33.0,Central and South Pacific,,PHILIPPINES
2902,1920,7.8,648.0,,North America and Hawaii,167.0,MEXICO
2906,1920,8.0,5.0,,Asia,20.0,TAIWAN
2908,1920,5.8,1400.0,10.0,Europe,,ITALY
2910,1920,6.2,200.0,25.0,Europe,,ALBANIA
2911,1920,8.3,200000.0,25.0,Asia,,CHINA
2912,1920,6.0,400.0,10.0,South America,,ARGENTINA
2938,1922,6.3,5.0,,Central and South Pacific,,PHILIPPINES
2945,1922,7.6,5.0,,Asia,7.0,TAIWAN
2949,1922,8.7,500.0,35.0,South America,,CHILE
2961,1923,7.3,4800.0,13.0,Asia,,CHINA
2966,1923,5.7,2200.0,,Middle East,,IRAN
2970,1923,7.9,142807.0,35.0,Asia,47000.0,JAPAN
2972,1923,6.9,50.0,15.0,Asia,,BANGLADESH
2973,1923,6.4,157.0,,Middle East,,IRAN
2974,1923,6.9,290.0,,Middle East,,IRAN
2978,1923,5.3,300.0,,South America,,COLOMBIA
2982,1924,6.9,40.0,,South America,,ECUADOR
2987,1924,5.3,50.0,,Middle East,,TURKEY
2990,1924,7.3,100.0,33.0,Asia,,CHINA
2994,1924,6.8,60.0,,Middle East,,TURKEY
3000,1925,5.8,200.0,,Middle East,,TURKEY
3003,1925,7.0,5000.0,26.0,Asia,,CHINA
3006,1925,6.8,17.0,33.0,Central and South Pacific,,PHILIPPINES
3009,1925,6.8,395.0,,Asia,,JAPAN
3012,1925,6.8,13.0,10.0,North America and Hawaii,,USA
3014,1925,5.9,3.0,,Middle East,,TURKEY
3017,1925,5.8,12.0,,Asia,,CHINA
3021,1925,5.5,500.0,,Middle East,,IRAN
3022,1925,5.5,2.0,,Middle East,,IRAN
3033,1926,5.8,9.0,10.0,Europe,200.0,AZORES (PORTUGAL)
3037,1926,5.7,360.0,7.0,Middle East,,TURKEY
3046,1927,7.3,3022.0,10.0,Asia,3295.0,JAPAN
3048,1927,5.0,7.0,,Asia,,CHINA
3051,1927,7.6,40912.0,27.0,Asia,524.0,CHINA
3055,1927,6.3,268.0,33.0,Middle East,,ISRAEL
3060,1927,6.8,30.0,,Asia,190.0,TAIWAN
3061,1927,6.8,11.0,17.0,Europe,122.0,UKRAINE
3078,1928,5.0,4.0,,Middle East,,IRAN
3083,1928,6.5,170.0,,Middle East,700.0,TURKEY
3085,1928,6.8,127.0,7.0,Europe,1735.0,BULGARIA
3088,1928,6.0,20.0,29.0,Europe,,GREECE
3093,1928,7.3,29.0,,South America,,PERU
3097,1928,7.7,4.0,35.0,North America and Hawaii,,MEXICO
3099,1928,5.8,6.0,,Asia,10.0,CHINA
3100,1928,5.4,10.0,9.0,Middle East,,IRAN
3103,1928,7.6,279.0,25.0,South America,,CHILE
3104,1928,7.3,93.0,,Central and South Pacific,,PHILIPPINES
3106,1929,6.0,2.0,,Asia,,CHINA
3107,1929,6.9,50.0,,Caribbean,800.0,VENEZUELA
3111,1929,7.4,3800.0,50.0,Middle East,,IRAN
3112,1929,6.5,64.0,10.0,Middle East,,TURKEY
3117,1929,7.5,17.0,,Central and South Pacific,,NEW ZEALAND
3119,1929,5.8,5.0,57.0,Middle East,,IRAN
3120,1929,6.2,6.0,65.0,Middle East,,IRAN
3132,1930,7.3,500.0,,Asia,,MYANMAR (BURMA)
3133,1930,7.5,1360.0,30.0,Middle East,,IRAN
3134,1930,6.0,42.0,,Asia,,CHINA
3140,1930,6.5,1430.0,7.0,Europe,,ITALY
3141,1930,5.5,200.0,,Asia,,CHINA
3145,1930,6.3,175.0,,Asia,,TAJIKISTAN
3147,1930,5.0,1.0,,Middle East,,IRAN
3148,1930,5.9,18.0,,Europe,,ITALY
3150,1930,6.0,35.0,12.0,Europe,108.0,ALBANIA
3151,1930,7.1,259.0,19.0,Asia,1285.0,JAPAN
3152,1930,5.0,25.0,4.0,Europe,,ALBANIA
3153,1930,7.3,36.0,,Asia,,MYANMAR (BURMA)
3155,1930,6.3,4.0,,Asia,,TAIWAN
3158,1930,6.0,39.0,30.0,South America,,ARGENTINA
3164,1931,5.8,90.0,33.0,Europe,,ALBANIA
3167,1931,7.7,261.0,35.0,Central and South Pacific,400.0,NEW ZEALAND
3175,1931,5.6,2450.0,,Central America,,NICARAGUA
3178,1931,6.3,2890.0,22.0,Asia,,ARMENIA
3182,1931,8.0,10000.0,25.0,Asia,,CHINA
3185,1931,7.0,16.0,20.0,Asia,,JAPAN
3189,1931,7.5,1.0,60.0,Asia,,JAPAN
3191,1932,5.4,8.0,,Caribbean,,CUBA
3192,1932,6.0,200.0,,Asia,,CHINA
3194,1932,6.0,6.0,15.0,Asia,27.0,CHINA
3195,1932,7.4,6.0,,Central and South Pacific,115.0,INDONESIA
3196,1932,5.4,1070.0,12.0,Middle East,,IRAN
3199,1932,8.1,400.0,35.0,North America and Hawaii,120.0,MEXICO
3206,1932,6.9,161.0,35.0,Europe,669.0,GREECE
3212,1932,7.6,275.0,,Asia,320.0,CHINA
3218,1933,6.3,120.0,16.0,North America and Hawaii,,USA
3225,1933,7.5,9300.0,,Asia,,CHINA
3226,1933,5.0,200.0,,Asia,,CHINA
3231,1933,6.3,4.0,27.0,Middle East,,IRAN
3233,1934,6.0,1.0,,Asia,14.0,CHINA
3234,1934,8.0,10600.0,35.0,Asia,,NEPAL
3238,1934,6.6,2.0,,North America and Hawaii,,USA
3243,1934,6.5,3.0,,Asia,,TAIWAN
3252,1935,6.2,5.0,7.0,Middle East,,TURKEY
3254,1935,6.0,60.0,,Middle East,,IRAN
3255,1935,6.3,690.0,14.0,Middle East,,IRAN
3256,1935,6.0,3276.0,,Asia,12053.0,TAIWAN
3257,1935,6.0,2.0,,Asia,,CHINA
3258,1935,6.1,540.0,,Middle East,,TURKEY
3260,1935,7.5,60000.0,33.0,Asia,,PAKISTAN
3262,1935,6.3,9.0,10.0,Asia,,JAPAN
3263,1935,6.5,2746.0,30.0,Asia,6004.0,TAIWAN
3271,1935,6.2,2.0,,North America and Hawaii,,USA
3272,1935,6.0,2.0,,North America and Hawaii,,USA
3276,1935,6.0,100.0,,Asia,,CHINA
3278,1936,7.0,250.0,,South America,,COLOMBIA
3284,1936,6.2,12.0,,Middle East,,IRAN
3285,1936,5.0,9.0,,Asia,,SOUTH KOREA
3286,1936,7.3,1.0,60.0,South America,40.0,CHILE
3287,1936,6.0,115.0,,Asia,31.0,CHINA
3289,1936,5.5,30.0,,Asia,,CHINA
3290,1936,7.2,10.0,,Asia,10.0,TAIWAN
3291,1936,7.3,9.0,,Asia,20.0,INDONESIA
3304,1937,7.7,34.0,,North America and Hawaii,,MEXICO
3305,1937,7.0,390.0,,Asia,,CHINA
3306,1937,7.5,1.0,60.0,Central and South Pacific,200.0,PHILIPPINES
3309,1937,7.2,1.0,70.0,Asia,,INDONESIA
3314,1937,7.5,4.0,60.0,North America and Hawaii,,MEXICO
3315,1937,6.2,15.0,10.0,South America,,PERU
3323,1938,6.7,224.0,33.0,Middle East,,TURKEY
3334,1938,7.7,1.0,30.0,Asia,,JAPAN
3345,1939,8.3,30000.0,60.0,South America,,CHILE
3347,1939,7.7,5.0,35.0,Central and South Pacific,,PAPUA NEW GUINEA
3351,1939,7.0,27.0,,Asia,52.0,JAPAN
3354,1939,6.4,22.0,13.0,Africa,130.0,GHANA
3357,1939,5.5,2.0,,Asia,,CHINA
3358,1939,6.5,41.0,,Middle East,,TURKEY
3360,1939,5.9,13.0,80.0,Middle East,,TURKEY
3363,1939,7.7,32700.0,35.0,Middle East,,TURKEY
3369,1940,6.0,181.0,,Asia,475.0,CHINA
3370,1940,6.0,16.0,19.0,Middle East,,TURKEY
3371,1940,7.2,9.0,16.0,North America and Hawaii,,USA
3372,1940,8.2,179.0,60.0,South America,3500.0,PERU
3373,1940,5.5,2.0,,Asia,20.0,CHINA
3379,1940,7.3,1000.0,150.0,Europe,,ROMANIA
3380,1941,5.9,1200.0,,Asia,200.0,YEMEN
3381,1941,7.4,4.0,15.0,Central and South Pacific,,PAPUA NEW GUINEA
3383,1941,6.3,730.0,,Middle East,,IRAN
3386,1941,6.0,132.0,,Asia,203.0,CHINA
3390,1941,6.0,430.0,28.0,Middle East,,TURKEY
3391,1941,6.0,15.0,,Asia,10.0,CHINA
3392,1941,5.9,15.0,70.0,Middle East,,TURKEY
3395,1941,7.6,6.0,,Central America,,COSTA RICA
3397,1941,7.1,319.0,,Asia,,TAIWAN
3399,1942,6.8,90.0,,Asia,,CHINA
3401,1942,7.9,200.0,30.0,South America,,ECUADOR
3407,1942,8.2,30.0,60.0,South America,25.0,PERU
3408,1942,6.0,43.0,33.0,Europe,110.0,ALBANIA
3411,1942,6.1,16.0,,Middle East,,TURKEY
3415,1942,7.3,1000.0,,Middle East,,TURKEY
3417,1943,6.6,285.0,,Middle East,,TURKEY
3420,1943,5.0,75.0,,South America,200.0,PERU
3421,1943,7.5,11.0,60.0,North America and Hawaii,,MEXICO
3423,1943,8.2,11.0,35.0,South America,,CHILE
3429,1943,6.2,285.0,15.0,Middle East,,TURKEY
3431,1943,8.1,213.0,90.0,Asia,2096.0,INDONESIA
3434,1943,7.4,1400.0,10.0,Asia,,JAPAN
3439,1943,7.6,4020.0,33.0,Middle East,5000.0,TURKEY
3442,1944,7.8,8000.0,50.0,South America,,ARGENTINA
3443,1944,7.4,2381.0,33.0,Middle East,,TURKEY
3444,1944,7.2,3.0,,Asia,,CHINA
3446,1944,4.8,20.0,7.0,Middle East,,IRAN
3448,1944,6.0,21.0,33.0,Middle East,,TURKEY
3453,1944,6.8,30.0,,Middle East,,TURKEY
3455,1944,8.1,1223.0,30.0,Asia,2135.0,JAPAN
3456,1945,7.1,2306.0,,Asia,896.0,JAPAN
3458,1945,6.0,5.0,,Africa,,UGANDA
3459,1945,6.0,300.0,60.0,Middle East,,TURKEY
3464,1945,6.3,17.0,,Asia,30.0,CHINA
3465,1945,8.0,4000.0,15.0,Asia,,PAKISTAN
3469,1946,5.6,264.0,,Africa,,ALGERIA
3470,1946,5.6,12.0,60.0,Middle East,,TURKEY
3473,1946,5.9,840.0,,Middle East,,TURKEY
3475,1946,7.9,2.0,60.0,South America,,CHILE
3484,1946,7.5,400.0,26.0,Asia,,TURKMENISTAN
3485,1946,7.3,800.0,12.0,South America,,PERU
3486,1946,6.8,58.0,,Asia,384.0,TAIWAN
3487,1946,8.1,1362.0,20.0,Asia,,JAPAN
3491,1947,5.5,1.0,,Asia,,CHINA
3495,1947,5.5,3.0,,Asia,,CHINA
3500,1947,5.3,3.0,,Africa,,ALGERIA
3501,1947,6.9,500.0,,Middle East,,IRAN
3502,1947,6.9,3.0,28.0,Europe,20.0,GREECE
3503,1947,7.3,233.0,100.0,South America,,PERU
3505,1948,8.3,72.0,33.0,Central and South Pacific,,PHILIPPINES
3509,1948,6.5,2.0,15.0,Europe,45.0,GREECE
3511,1948,7.1,1.0,60.0,South America,,PERU
3514,1948,7.3,800.0,18.0,Asia,200.0,CHINA
3515,1948,6.8,4.0,55.0,South America,,PERU
3517,1948,6.8,110.0,,Asia,100.0,CHINA
3518,1948,7.3,5131.0,20.0,Asia,11000.0,JAPAN
3519,1948,6.4,6.0,33.0,Europe,,GREECE
3521,1948,7.3,110000.0,18.0,Asia,,TURKMENISTAN
3522,1948,5.8,3.0,,Asia,75.0,CHINA
3523,1948,6.9,4.0,,North America and Hawaii,21.0,MEXICO
3527,1949,7.3,21.0,,Asia,17.0,CHINA
3529,1949,7.0,8.0,,North America and Hawaii,,USA
3530,1949,7.3,57.0,70.0,South America,,CHILE
3533,1949,7.4,3500.0,16.0,Asia,,TAJIKISTAN
3534,1949,6.7,7.0,,Europe,435.0,GREECE
3536,1949,6.8,6000.0,60.0,South America,,ECUADOR
3538,1949,6.8,320.0,,Middle East,,TURKEY
3545,1949,7.8,1.0,33.0,South America,,CHILE
3546,1949,7.8,3.0,33.0,South America,,CHILE
3557,1950,6.0,83.0,,South America,,PERU
3558,1950,6.5,16.0,,Asia,50.0,INDONESIA
3560,1950,6.8,100.0,8.0,Caribbean,,VENEZUELA
3562,1950,8.6,1530.0,33.0,Asia,,INDIA
3571,1950,8.0,1.0,100.0,South America,,CHILE
3572,1950,7.0,4.0,80.0,South America,12.0,PERU
3578,1951,6.5,1100.0,100.0,Central America,,EL SALVADOR
3580,1951,6.2,1.0,50.0,North America and Hawaii,,MEXICO
3584,1951,6.7,50.0,,Middle East,,TURKEY
3587,1951,7.3,68.0,21.0,Asia,586.0,TAIWAN
3589,1951,7.5,17.0,,Asia,250.0,TAIWAN
3592,1952,6.0,103.0,,Middle East,,TURKEY
3594,1952,8.1,33.0,45.0,Asia,,JAPAN
3602,1952,7.7,12.0,16.0,North America and Hawaii,,USA
3604,1952,5.8,2.0,16.0,North America and Hawaii,,USA
3607,1952,5.0,20.0,,Middle East,,TURKEY
3612,1953,5.7,2.0,,Caribbean,,HAITI
3613,1953,6.4,970.0,,Middle East,,IRAN
3616,1953,7.5,1070.0,,Middle East,,TURKEY
3620,1953,7.6,9.0,60.0,South America,26.0,CHILE
3625,1953,7.2,476.0,,Europe,2412.0,GREECE
3626,1953,6.5,40.0,,Europe,100.0,CYPRUS
3627,1953,6.4,2.0,33.0,Central and South Pacific,,FIJI
3629,1953,7.4,1.0,60.0,Asia,,JAPAN
3630,1953,7.4,3.0,128.0,South America,,CHILE
3631,1953,7.4,6.0,30.0,South America,20.0,PERU
3632,1954,6.2,6.0,100.0,North America and Hawaii,,MEXICO
3637,1954,7.0,25.0,,Europe,,GREECE
3639,1954,7.0,31.0,,Europe,,GREECE
3642,1954,6.8,13.0,,Central and South Pacific,101.0,PHILIPPINES
3645,1954,5.0,1.0,,Middle East,,IRAN
3647,1954,6.7,1243.0,,Africa,5000.0,ALGERIA
3659,1955,7.6,400.0,96.0,Central and South Pacific,,PHILIPPINES
3662,1955,7.5,39.0,,Asia,113.0,CHINA
3664,1955,6.2,8.0,33.0,Europe,149.0,GREECE
3666,1955,6.0,7.0,,Europe,,GREECE
3670,1955,6.8,4.0,,Middle East,,TURKEY
3672,1955,5.8,10.0,,Central America,,COSTA RICA
3674,1955,6.3,22.0,,Africa,12.0,EGYPT
3682,1956,5.8,2.0,,Europe,,HUNGARY
3686,1956,5.8,4.0,,Middle East,,TURKEY
3689,1956,5.8,148.0,,Middle East,,LEBANON
3692,1956,7.6,100.0,60.0,Asia,,AFGHANISTAN
3693,1956,7.8,53.0,20.0,Europe,,GREECE
3695,1956,7.0,38.0,39.0,Asia,,MYANMAR (BURMA)
3697,1956,6.0,156.0,15.0,Asia,,INDIA
3701,1956,6.8,347.0,,Middle East,,IRAN
3705,1957,5.6,13.0,,Africa,96.0,TUNISIA
3706,1957,7.2,11.0,69.0,Asia,,TAIWAN
3707,1957,7.0,2.0,,Europe,,GREECE
3714,1957,7.1,18.0,41.0,Middle East,92.0,TURKEY
3715,1957,7.1,500.0,,Middle East,,TURKEY
3719,1957,6.6,1100.0,14.0,Middle East,,IRAN
3720,1957,7.9,65.0,25.0,North America and Hawaii,,MEXICO
3729,1957,8.1,30.0,33.0,Asia,,MONGOLIA
3730,1957,7.1,1200.0,,Middle East,,IRAN
3732,1958,7.3,28.0,60.0,South America,,PERU
3734,1958,7.6,111.0,60.0,South America,46.0,COLOMBIA
3742,1958,6.7,132.0,20.0,Middle East,,IRAN
3744,1958,6.8,7.0,,South America,,CHILE
3748,1958,6.7,8.0,100.0,Asia,1856.0,INDONESIA
3762,1959,7.5,2.0,150.0,Asia,,TAIWAN
3763,1959,8.2,1.0,60.0,Asia,13.0,RUSSIA
3765,1959,7.5,1.0,112.0,South America,,BOLIVIA
3769,1959,7.0,16.0,60.0,Asia,63.0,TAIWAN
3771,1959,7.7,28.0,5.0,North America and Hawaii,,USA
3772,1959,6.9,25.0,,North America and Hawaii,200.0,MEXICO
3773,1959,6.1,2.0,11.0,Europe,,ALBANIA
3775,1959,6.2,18.0,,Middle East,,TURKEY
3781,1960,7.8,63.0,160.0,South America,200.0,PERU
3782,1960,7.0,63.0,150.0,South America,,PERU
3784,1960,5.6,47.0,33.0,Africa,88.0,ALGERIA
3785,1960,5.9,13100.0,33.0,Africa,25000.0,MOROCCO
3789,1960,6.0,420.0,,Middle East,,IRAN
3792,1960,9.5,2000.0,33.0,South America,3000.0,CHILE
3793,1960,6.5,8.0,,Europe,,GREECE
3798,1960,6.6,24.0,28.0,Africa,,CONGO
3809,1961,7.3,2.0,74.0,Asia,7.0,JAPAN
3812,1961,6.5,2.0,74.0,Asia,6.0,INDONESIA
3817,1961,6.5,30.0,33.0,Africa,,ETHIOPIA
3818,1961,6.6,60.0,37.0,Middle East,,IRAN
3828,1961,7.3,10.0,,Asia,,JAPAN
3837,1961,6.9,23.0,176.0,South America,,COLOMBIA
3838,1962,5.9,4.0,33.0,Europe,,CROATIA
3839,1962,6.1,1.0,33.0,Europe,,CROATIA
3843,1962,6.0,15.0,33.0,Europe,,ALBANIA
3844,1962,6.1,1.0,25.0,Asia,2.0,CHINA
3847,1962,6.3,9.0,39.0,South America,,PERU
3851,1962,6.8,1.0,104.0,Asia,,JAPAN
3852,1962,7.0,4.0,40.0,North America and Hawaii,,MEXICO
3853,1962,7.2,3.0,33.0,North America and Hawaii,16.0,MEXICO
3860,1962,6.8,47.0,69.0,South America,300.0,COLOMBIA
3862,1962,6.1,16.0,34.0,Europe,,ITALY
3863,1962,6.8,1.0,100.0,Europe,,GREECE
3865,1962,7.2,12225.0,27.0,Middle East,2776.0,IRAN
3866,1962,5.5,1.0,,Middle East,,TURKEY
3868,1962,5.0,6.0,8.0,Middle East,,IRAN
3872,1963,4.5,4.0,3.0,Middle East,,IRAN
3873,1963,7.3,15.0,47.0,Asia,18.0,TAIWAN
3874,1963,5.4,300.0,5.0,Africa,375.0,LIBYA
3875,1963,7.2,100.0,40.0,Middle East,,IRAN
3877,1963,7.0,4.0,33.0,Middle East,,IRAN
3885,1963,6.0,1070.0,5.0,Europe,3300.0,MACEDONIA
3886,1963,5.2,5.0,46.0,Middle East,,IRAN
3888,1963,6.5,1.0,,Asia,,CHINA
3889,1963,5.3,80.0,25.0,Asia,,INDIA
3892,1963,6.1,1.0,19.0,Middle East,,TURKEY
3893,1963,7.0,1.0,75.0,South America,,PERU
3900,1964,5.2,8.0,90.0,Central and South Pacific,27.0,INDONESIA
3901,1964,7.0,107.0,33.0,Asia,479.0,TAIWAN
3904,1964,9.2,15.0,33.0,North America and Hawaii,,USA
3906,1964,6.0,3.0,32.0,Europe,,CROATIA
3907,1964,6.0,1.0,33.0,Africa,19.0,TANZANIA
3910,1964,6.1,8.0,,Middle East,,TURKEY
3911,1964,7.5,26.0,40.0,Asia,450.0,JAPAN
3913,1964,7.4,78.0,100.0,North America and Hawaii,,MEXICO
3916,1964,7.0,19.0,15.0,Middle East,,TURKEY
3920,1965,5.5,4.0,10.0,Africa,350.0,ALGERIA
3922,1965,7.6,71.0,6.0,Central and South Pacific,,INDONESIA
3924,1965,5.1,20.0,52.0,Middle East,,IRAN
3926,1965,6.3,38.0,18.0,Europe,253.0,GREECE
3929,1965,7.3,400.0,61.0,South America,,CHILE
3931,1965,7.1,6.0,78.0,Europe,,GREECE
3932,1965,6.2,32.0,34.0,Europe,200.0,GREECE
3933,1965,6.0,1.0,36.0,Asia,4.0,JAPAN
3934,1965,6.6,7.0,59.0,North America and Hawaii,,USA
3935,1965,6.0,125.0,23.0,Central America,1138.0,EL SALVADOR
3940,1965,6.3,1.0,18.0,Europe,6.0,GREECE
3943,1965,7.8,6.0,28.0,North America and Hawaii,,MEXICO
3947,1966,6.3,1.0,38.0,Europe,60.0,GREECE
3951,1966,6.0,10.0,38.0,Middle East,,TURKEY
3953,1966,8.0,7.0,48.0,Asia,10.0,TAIWAN
3955,1966,7.0,140.0,36.0,Africa,,UGANDA
3962,1966,6.3,80.0,23.0,Asia,100.0,NEPAL
3964,1966,4.6,12.0,64.0,Middle East,20.0,TURKEY
3966,1966,5.6,15.0,53.0,Asia,,INDIA
3967,1966,6.8,2394.0,24.0,Middle East,,TURKEY
3968,1966,5.9,1.0,17.0,Europe,25.0,GREECE
3969,1966,5.2,6.0,8.0,South America,,COLOMBIA
3974,1966,8.1,110.0,38.0,South America,3000.0,PERU
3975,1966,5.7,1.0,20.0,Europe,23.0,GREECE
3976,1966,7.8,3.0,47.0,South America,6.0,CHILE
3983,1967,6.8,98.0,60.0,South America,,COLOMBIA
3984,1967,6.8,54.0,80.0,Asia,300.0,INDONESIA
3987,1967,5.5,58.0,33.0,Central and South Pacific,100.0,INDONESIA
3988,1967,6.1,14.0,100.0,Asia,,INDONESIA
3989,1967,5.9,9.0,55.0,Europe,,GREECE
3990,1967,5.0,10.0,13.0,Africa,15.0,ALGERIA
3991,1967,7.3,86.0,4.0,Middle East,,TURKEY
3992,1967,6.2,97.0,8.0,Middle East,,TURKEY
3993,1967,6.8,20.0,161.0,South America,,COLOMBIA
3994,1967,6.5,300.0,10.0,Caribbean,1536.0,VENEZUELA
3995,1967,5.3,1.0,15.0,Europe,80.0,FRANCE
3999,1967,7.0,2.0,65.0,Asia,,TAIWAN
4001,1967,6.5,18.0,29.0,Europe,,ALBANIA
4003,1967,6.6,180.0,15.0,Asia,,INDIA
4005,1967,7.5,1.0,33.0,South America,,CHILE
4007,1968,6.0,216.0,33.0,Europe,563.0,ITALY
4008,1968,5.1,8.0,33.0,Europe,55.0,ITALY
4011,1968,7.2,20.0,15.0,Europe,18.0,GREECE
4012,1968,6.3,3.0,3.0,Asia,,JAPAN
4013,1968,4.9,1.0,,Africa,4.0,ALGERIA
4015,1968,4.6,1.0,33.0,Africa,1.0,KENYA
4016,1968,7.5,1.0,30.0,Asia,22.0,JAPAN
4018,1968,5.3,38.0,34.0,Middle East,100.0,IRAN
4020,1968,8.2,52.0,7.0,Asia,330.0,JAPAN
4022,1968,7.1,3.0,21.0,Central and South Pacific,,NEW ZEALAND
4026,1968,7.0,15.0,33.0,South America,,PERU
4029,1968,7.3,270.0,36.0,Central and South Pacific,261.0,PHILIPPINES
4030,1968,7.5,18.0,36.0,North America and Hawaii,,MEXICO
4034,1968,7.3,10488.0,13.0,Middle East,17000.0,IRAN
4036,1968,6.5,700.0,15.0,Middle East,,IRAN
4037,1968,6.6,24.0,38.0,Middle East,200.0,TURKEY
4039,1968,6.2,3.0,107.0,Caribbean,,VENEZUELA
4040,1968,5.1,2.0,14.0,Middle East,,TURKEY
4041,1968,5.7,20.0,114.0,North America and Hawaii,,MEXICO
4045,1968,5.3,1.0,17.0,Europe,,MONTENEGRO
4046,1969,5.6,50.0,11.0,Middle East,,IRAN
4050,1969,6.3,4.0,10.0,Asia,,CHINA
4051,1969,7.4,64.0,13.0,Central and South Pacific,97.0,INDONESIA
4052,1969,7.8,25.0,22.0,Europe,80.0,PORTUGAL
4054,1969,6.5,53.0,9.0,Middle East,,TURKEY
4055,1969,6.2,40.0,35.0,Africa,160.0,ETHIOPIA
4056,1969,7.0,2.0,33.0,Africa,16.0,EGYPT
4057,1969,5.5,1.0,33.0,Europe,,ALBANIA
4062,1969,6.4,3000.0,5.0,Asia,,CHINA
4067,1969,6.3,12.0,33.0,Africa,,SOUTH AFRICA
4068,1969,6.2,150.0,43.0,South America,,PERU
4069,1969,4.8,1.0,10.0,North America and Hawaii,,USA
4071,1969,6.0,14.0,33.0,Europe,,BOSNIA-HERZEGOVINA
4072,1969,6.4,9.0,33.0,Europe,,BOSNIA-HERZEGOVINA
4077,1970,7.8,10000.0,31.0,Asia,,CHINA
4079,1970,7.1,3.0,11.0,Central and South Pacific,,PHILIPPINES
4080,1970,5.4,12.0,35.0,South America,,PERU
4082,1970,4.8,5.0,23.0,Middle East,,IRAN
4083,1970,5.4,26.0,3.0,Asia,200.0,INDIA
4084,1970,7.4,1086.0,20.0,Middle East,1174.0,TURKEY
4085,1970,7.3,15.0,40.0,Central and South Pacific,200.0,PHILIPPINES
4089,1970,7.9,66794.0,43.0,South America,50000.0,PERU
4095,1970,4.9,1.0,27.0,Middle East,,TURKEY
4097,1970,6.7,220.0,16.0,Middle East,220.0,IRAN
4098,1970,7.1,1.0,651.0,South America,,PERU
4104,1970,7.3,15.0,8.0,Central and South Pacific,20.0,PAPUA NEW GUINEA
4107,1970,7.6,82.0,25.0,South America,350.0,PERU
4110,1971,4.6,24.0,33.0,Europe,150.0,ITALY
4111,1971,6.5,65.0,8.0,North America and Hawaii,2000.0,USA
4112,1971,5.3,1.0,39.0,Middle East,,IRAN
4114,1971,5.9,1.0,44.0,Middle East,,IRAN
4116,1971,5.9,100.0,23.0,Middle East,,TURKEY
4117,1971,6.7,1000.0,3.0,Middle East,,TURKEY
4119,1971,5.2,1.0,35.0,Asia,6.0,INDONESIA
4120,1971,6.3,1.0,93.0,South America,,CHILE
4121,1971,7.8,83.0,58.0,South America,447.0,CHILE
4122,1971,7.9,2.0,47.0,Central and South Pacific,5.0,PAPUA NEW GUINEA
4123,1971,5.2,2.0,7.0,Europe,,ITALY
4125,1971,6.3,1.0,135.0,South America,,PERU
4127,1971,5.3,1.0,27.0,Middle East,,IRAN
4136,1971,5.7,5.0,54.0,South America,,PERU
4137,1971,7.1,1.0,40.0,Central and South Pacific,,VANUATU
4142,1972,7.5,1.0,33.0,Asia,,TAIWAN
4144,1972,4.8,1.0,25.0,Europe,2.0,ITALY
4147,1972,6.1,7.0,64.0,South America,50.0,PERU
4148,1972,6.9,30000.0,11.0,Middle East,1700.0,IRAN
4149,1972,6.9,4.0,33.0,Asia,11.0,TAIWAN
4153,1972,4.4,2.0,4.0,Europe,,ITALY
4154,1972,6.1,11.0,47.0,Asia,15.0,AFGHANISTAN
4158,1972,6.2,100.0,36.0,Asia,,PAKISTAN
4165,1972,6.2,10000.0,5.0,Central America,20000.0,NICARAGUA
4167,1973,7.5,56.0,43.0,North America and Hawaii,390.0,MEXICO
4174,1973,7.5,15.0,33.0,Central and South Pacific,64.0,PHILIPPINES
4176,1973,6.5,26.0,33.0,Central America,100.0,COSTA RICA
4177,1973,6.5,1.0,50.0,South America,,COLOMBIA
4184,1973,6.2,600.0,84.0,North America and Hawaii,,MEXICO
4188,1973,5.5,1.0,11.0,Middle East,,IRAN
4189,1973,5.1,1.0,5.0,Europe,,AZORES (PORTUGAL)
4193,1974,6.3,10.0,98.0,South America,,PERU
4195,1974,5.2,2.0,29.0,Middle East,20.0,TURKEY
4197,1974,5.0,3.0,24.0,South America,,COLOMBIA
4199,1974,6.5,30.0,2.0,Asia,102.0,JAPAN
4200,1974,7.1,20000.0,11.0,Asia,,CHINA
4201,1974,6.1,5.0,34.0,South America,,VENEZUELA
4205,1974,7.3,11.0,12.0,South America,,COLOMBIA
4206,1974,5.7,2.0,58.0,Asia,17.0,JAPAN
4210,1974,8.1,78.0,13.0,South America,2414.0,PERU
4213,1974,6.2,5300.0,22.0,Asia,17000.0,PAKISTAN
4216,1975,6.8,47.0,33.0,Asia,,INDIA
4219,1975,7.4,300.0,33.0,Asia,,CHINA
4220,1975,5.6,1.0,27.0,Asia,,INDONESIA
4221,1975,6.1,7.0,27.0,Middle East,,IRAN
4222,1975,6.9,2.0,4.0,South America,25.0,CHILE
4225,1975,6.1,3.0,33.0,South America,,VENEZUELA
4230,1975,6.5,1.0,157.0,Asia,,MYANMAR (BURMA)
4231,1975,4.3,1.0,30.0,Africa,18.0,ALGERIA
4235,1975,6.7,2311.0,26.0,Middle East,3372.0,TURKEY
4236,1975,5.0,2.0,33.0,Middle East,,IRAN
4238,1975,7.6,1.0,50.0,Central and South Pacific,,PHILIPPINES
4243,1975,5.5,1.0,19.0,Europe,10.0,GREECE
4248,1976,7.5,23000.0,5.0,Caribbean,76000.0,GUATEMALA
4249,1976,5.1,4.0,5.0,Central America,50.0,GUATEMALA
4250,1976,5.5,50.0,33.0,Asia,,AFGHANISTAN
4251,1976,4.8,1.0,18.0,Middle East,,TURKEY
4253,1976,6.7,10.0,9.0,South America,,ECUADOR
4254,1976,5.5,4.0,44.0,Middle East,,TURKEY
4255,1976,6.5,978.0,9.0,Europe,1700.0,ITALY
4260,1976,7.1,6000.0,33.0,Central and South Pacific,,INDONESIA
4261,1976,6.7,5.0,22.0,Central America,7.0,PANAMA
4262,1976,6.5,573.0,40.0,Asia,4755.0,INDONESIA
4264,1976,7.5,242769.0,23.0,Asia,799000.0,CHINA
4266,1976,8.0,1200.0,33.0,Central and South Pacific,3500.0,PHILIPPINES
4268,1976,4.9,4.0,3.0,Middle East,50.0,TURKEY
4269,1976,5.5,5.0,16.0,Europe,,ITALY
4270,1976,6.0,11.0,10.0,Europe,,ITALY
4271,1976,5.9,2.0,17.0,Europe,,ITALY
4272,1976,7.1,133.0,33.0,Central and South Pacific,,INDONESIA
4273,1976,6.2,17.0,13.0,Middle East,,IRAN
4274,1976,7.3,5000.0,36.0,Middle East,,TURKEY
4276,1976,7.3,1.0,82.0,South America,13.0,CHILE
4277,1976,5.2,4.0,33.0,Africa,36.0,SOUTH AFRICA
4281,1977,7.5,1641.0,89.0,Europe,10500.0,ROMANIA
4283,1977,7.3,1.0,37.0,Central and South Pacific,9.0,PHILIPPINES
4284,1977,6.9,167.0,29.0,Middle East,556.0,IRAN
4285,1977,4.9,30.0,21.0,Middle East,,TURKEY
4287,1977,5.9,366.0,41.0,Middle East,200.0,IRAN
4288,1977,6.8,34.0,33.0,Central and South Pacific,,SOLOMON ISLANDS
4291,1977,8.1,18.0,33.0,Central and South Pacific,1.0,SOLOMON ISLANDS
4292,1977,5.4,3.0,37.0,Middle East,9.0,IRAN
4294,1977,7.2,1.0,65.0,Central and South Pacific,5.0,TONGA
4298,1977,6.5,3.0,33.0,South America,,COLOMBIA
4302,1977,7.4,70.0,13.0,South America,300.0,ARGENTINA
4303,1977,5.8,584.0,31.0,Middle East,1000.0,IRAN
4304,1978,6.6,25.0,14.0,Asia,129.0,JAPAN
4308,1978,5.0,2.0,33.0,Europe,,ITALY
4309,1978,5.9,1.0,33.0,Asia,,PAKISTAN
4310,1978,6.6,1.0,36.0,North America and Hawaii,25.0,MEXICO
4318,1978,5.7,5.0,14.0,Europe,,ITALY
4321,1978,7.7,28.0,44.0,Asia,10000.0,JAPAN
4323,1978,6.4,50.0,3.0,Europe,,GREECE
4326,1978,4.5,17.0,10.0,Central America,,GUATEMALA
4331,1978,7.8,20000.0,33.0,Middle East,,IRAN
4333,1978,7.7,9.0,18.0,North America and Hawaii,,MEXICO
4335,1978,6.2,76.0,33.0,Middle East,,IRAN
4336,1978,7.0,2.0,33.0,Asia,3.0,TAIWAN
4337,1979,6.8,200.0,33.0,Middle East,,IRAN
4338,1979,6.9,18.0,53.0,South America,,PERU
4341,1979,7.6,5.0,49.0,North America and Hawaii,35.0,MEXICO
4343,1979,6.9,131.0,10.0,Europe,1001.0,MONTENEGRO
4347,1979,5.8,22.0,25.0,Asia,,INDONESIA
4351,1979,5.4,42.0,11.0,Asia,2987.0,CHINA
4354,1979,7.9,15.0,5.0,Central and South Pacific,,INDONESIA
4355,1979,5.8,5.0,16.0,Europe,5000.0,ITALY
4359,1979,6.2,2.0,38.0,Asia,40.0,INDONESIA
4360,1979,6.8,4.0,58.0,Central America,23.0,GUATEMALA
4361,1979,6.1,30.0,62.0,Asia,200.0,INDONESIA
4362,1979,5.2,1.0,40.0,Europe,3.0,GREECE
4363,1979,6.6,350.0,33.0,Middle East,,IRAN
4365,1979,6.4,72.0,108.0,South America,600.0,COLOMBIA
4366,1979,7.5,17.0,10.0,Middle East,24.0,IRAN
4368,1979,7.7,600.0,33.0,South America,20000.0,COLOMBIA
4369,1979,6.6,8.0,33.0,Asia,162.0,INDONESIA
4370,1979,6.3,27.0,33.0,Asia,200.0,INDONESIA
4371,1980,6.9,69.0,13.0,Europe,600.0,AZORES (PORTUGAL)
4380,1980,6.4,1.0,5.0,North America and Hawaii,100.0,MEXICO
4383,1980,6.4,1.0,14.0,Europe,,GREECE
4385,1980,4.0,1.0,10.0,Europe,,GREECE
4387,1980,5.4,1.0,62.0,Middle East,,IRAN
4389,1980,6.5,200.0,18.0,Asia,,NEPAL
4390,1980,6.4,2.0,22.0,Central America,,HONDURAS
4391,1980,5.6,8.0,55.0,South America,100.0,ECUADOR
4392,1980,4.9,15.0,25.0,Asia,40.0,INDIA
4394,1980,6.0,2.0,73.0,Asia,73.0,JAPAN
4396,1980,7.7,5000.0,10.0,Africa,9000.0,ALGERIA
4397,1980,6.4,300.0,72.0,North America and Hawaii,,MEXICO
4398,1980,7.2,5.0,19.0,North America and Hawaii,,USA
4399,1980,4.9,7.0,71.0,South America,,PERU
4400,1980,6.9,4689.0,20.0,Europe,7700.0,ITALY
4402,1980,5.8,26.0,33.0,Middle East,,IRAN
4403,1980,5.2,3.0,41.0,Middle East,139.0,IRAN
4405,1981,6.7,305.0,33.0,Central and South Pacific,,INDONESIA
4406,1981,6.8,150.0,33.0,Asia,489.0,CHINA
4407,1981,4.6,12.0,10.0,Europe,,ITALY
4408,1981,6.7,22.0,33.0,Europe,400.0,GREECE
4409,1981,6.4,1.0,29.0,Europe,9.0,GREECE
4410,1981,5.6,2.0,31.0,Europe,,GREECE
4411,1981,4.8,8.0,38.0,South America,15.0,PERU
4414,1981,6.7,3000.0,33.0,Middle East,,IRAN
4415,1981,5.2,10.0,24.0,South America,,PERU
4416,1981,7.1,3000.0,33.0,Middle East,1000.0,IRAN
4419,1981,5.9,220.0,33.0,Asia,2500.0,PAKISTAN
4420,1981,7.5,1.0,33.0,South America,,CHILE
4421,1981,5.4,15.0,54.0,South America,,COLOMBIA
4422,1981,7.3,9.0,33.0,North America and Hawaii,,MEXICO
4424,1981,4.0,6.0,33.0,Asia,12.0,PAKISTAN
4433,1982,6.7,110.0,44.0,Asia,,JAPAN
4434,1982,3.5,10.0,9.0,North America and Hawaii,200.0,MEXICO
4435,1982,6.1,3.0,95.0,South America,,PERU
4437,1982,7.0,9.0,34.0,North America and Hawaii,,MEXICO
4438,1982,5.5,10.0,10.0,Asia,5.0,CHINA
4439,1982,6.2,43.0,82.0,Central America,,EL SALVADOR
4443,1982,5.1,3.0,12.0,Central America,2.0,HONDURAS
4445,1982,5.5,1.0,21.0,Europe,12.0,MACEDONIA
4446,1982,6.0,2800.0,5.0,Asia,1500.0,YEMEN
4447,1982,6.6,500.0,36.0,Asia,3000.0,AFGHANISTAN
4449,1982,5.9,13.0,33.0,Asia,390.0,INDONESIA
4454,1983,4.7,12.0,24.0,Europe,,MACEDONIA
4459,1983,4.9,30.0,33.0,Middle East,61.0,IRAN
4460,1983,4.9,350.0,22.0,South America,1200.0,COLOMBIA
4462,1983,7.3,6.0,37.0,Central America,,COSTA RICA
4465,1983,6.5,10.0,104.0,South America,,PERU
4468,1983,7.7,4.0,24.0,Asia,324.0,JAPAN
4471,1983,6.2,2.0,33.0,Central America,60.0,COSTA RICA
4472,1983,6.1,5.0,10.0,Middle East,26.0,TURKEY
4474,1983,5.0,3.0,41.0,Middle East,41.0,IRAN
4477,1983,5.3,1.0,25.0,Asia,28.0,JAPAN
4479,1983,6.5,16.0,29.0,Central and South Pacific,47.0,PHILIPPINES
4482,1983,7.3,5.0,15.0,South America,12.0,CHILE
4484,1983,6.1,2.0,33.0,Central and South Pacific,4.0,INDONESIA
4485,1983,7.3,2.0,14.0,North America and Hawaii,2.0,USA
4486,1983,6.9,1342.0,12.0,Middle East,1142.0,TURKEY
4488,1983,5.3,34.0,19.0,Asia,2200.0,CHINA
4489,1983,5.0,2.0,10.0,Europe,30.0,BELGIUM
4493,1983,6.4,10.0,26.0,Central and South Pacific,,PAPUA NEW GUINEA
4494,1983,6.2,443.0,11.0,Africa,1436.0,GUINEA
4495,1983,7.2,26.0,215.0,Asia,483.0,AFGHANISTAN
4496,1984,6.6,2.0,33.0,Central and South Pacific,89.0,INDONESIA
4497,1984,5.8,1.0,33.0,Asia,35.0,AFGHANISTAN
4500,1984,6.1,4.0,208.0,Asia,13.0,PAKISTAN
4505,1984,5.3,3.0,12.0,Europe,200.0,ITALY
4506,1984,5.8,3.0,10.0,Europe,100.0,ITALY
4507,1984,5.2,3.0,14.0,Europe,63.0,ITALY
4508,1984,5.1,1.0,30.0,Europe,,BOSNIA-HERZEGOVINA
4510,1984,6.7,5.0,24.0,Caribbean,,DOMINICAN REPUBLIC
4512,1984,6.7,20.0,46.0,Asia,,JAPAN
4515,1984,6.1,29.0,10.0,Asia,,JAPAN
4516,1984,6.4,3.0,10.0,Middle East,38.0,TURKEY
4519,1984,5.3,3.0,60.0,Middle East,35.0,TURKEY
4523,1984,5.6,20.0,23.0,Asia,100.0,INDIA
4524,1985,6.9,6.0,5.0,South America,238.0,ARGENTINA
4525,1985,5.3,1.0,37.0,Middle East,80.0,IRAN
4526,1985,8.0,180.0,40.0,South America,2575.0,CHILE
4528,1985,6.6,1.0,33.0,South America,,CHILE
4529,1985,6.5,2.0,33.0,Central and South Pacific,25.0,PHILIPPINES
4530,1985,7.5,2.0,38.0,South America,,CHILE
4532,1985,5.8,23.0,5.0,Asia,300.0,CHINA
4533,1985,6.1,6.0,33.0,Central and South Pacific,11.0,PHILIPPINES
4535,1985,7.1,1.0,27.0,Central and South Pacific,,PAPUA NEW GUINEA
4537,1985,6.6,5.0,99.0,Asia,38.0,AFGHANISTAN
4539,1985,7.5,71.0,7.0,Asia,162.0,CHINA
4540,1985,6.3,10.0,10.0,Central and South Pacific,7.0,INDONESIA
4541,1985,8.1,9500.0,28.0,North America and Hawaii,30000.0,MEXICO
4546,1985,5.9,29.0,16.0,Asia,80.0,TAJIKISTAN
4547,1985,5.9,6.0,10.0,Africa,,ALGERIA
4553,1985,4.3,1.0,10.0,Europe,14.0,ITALY
4554,1986,5.3,1.0,39.0,South America,,PERU
4557,1986,4.6,16.0,51.0,South America,170.0,PERU
4558,1986,5.3,6.0,33.0,Asia,30.0,INDIA
4559,1986,5.9,15.0,10.0,Middle East,100.0,TURKEY
4561,1986,5.7,2.0,10.0,Asia,,GEORGIA
4564,1986,6.4,1.0,19.0,Asia,5.0,TAIWAN
4565,1986,6.2,2.0,19.0,South America,45.0,VENEZUELA
4568,1986,5.6,1.0,10.0,Middle East,4.0,IRAN
4570,1986,4.9,1.0,7.0,South America,,VENEZUELA
4573,1986,6.9,2.0,132.0,Europe,558.0,ROMANIA
4574,1986,5.8,20.0,11.0,Europe,300.0,GREECE
4577,1986,5.4,1100.0,7.0,Central America,10000.0,EL SALVADOR
4581,1986,7.8,15.0,34.0,Asia,44.0,TAIWAN
4583,1986,4.8,1.0,5.0,South America,,BRAZIL
4584,1986,5.6,3.0,21.0,Europe,60.0,BULGARIA
4589,1987,4.3,1.0,10.0,Africa,7.0,ALGERIA
4591,1987,7.6,3.0,55.0,Central and South Pacific,,PAPUA NEW GUINEA
4592,1987,6.6,1.0,19.0,Central and South Pacific,25.0,NEW ZEALAND
4593,1987,7.3,1.0,62.0,South America,,CHILE
4594,1987,7.2,5000.0,10.0,South America,,ECUADOR
4595,1987,6.7,2.0,54.0,Asia,5.0,JAPAN
4598,1987,6.6,2.0,11.0,Asia,22.0,INDONESIA
4599,1987,5.2,1.0,32.0,Central and South Pacific,2.0,PHILIPPINES
4600,1987,4.6,2.0,41.0,Middle East,50.0,IRAN
4604,1987,6.9,5.0,70.0,South America,112.0,CHILE
4605,1987,6.4,1.0,37.0,South America,1.0,PERU
4608,1987,6.2,2.0,10.0,South America,12.0,ECUADOR
4609,1987,5.7,8.0,10.0,North America and Hawaii,200.0,USA
4610,1987,5.1,3.0,20.0,South America,,PERU
4611,1987,4.8,1.0,8.0,North America and Hawaii,,USA
4616,1987,6.2,2.0,5.0,North America and Hawaii,,USA
4617,1987,6.5,125.0,33.0,Asia,108.0,INDONESIA
4619,1987,6.0,2.0,63.0,Asia,,JAPAN
4625,1988,5.8,2.0,33.0,Asia,100.0,BANGLADESH
4628,1988,6.2,2.0,17.0,Central and South Pacific,2.0,PHILIPPINES
4631,1988,5.7,1.0,51.0,Asia,1.0,TAIWAN
4632,1988,7.2,38.0,91.0,Asia,,MYANMAR (BURMA)
4634,1988,6.1,1.0,33.0,Middle East,,IRAN
4635,1988,6.6,998.0,57.0,Asia,,NEPAL
4636,1988,4.3,74.0,0.0,Central and South Pacific,,PAPUA NEW GUINEA
4640,1988,6.0,5.0,69.0,Central America,,GUATEMALA
4642,1988,7.3,738.0,18.0,Asia,3900.0,CHINA
4649,1988,6.8,25000.0,5.0,Asia,,ARMENIA
4650,1989,5.3,274.0,33.0,Asia,,TAJIKISTAN
4653,1989,5.4,1.0,53.0,Central and South Pacific,,PAPUA NEW GUINEA
4654,1989,6.1,9.0,30.0,Africa,100.0,MALAWI
4655,1989,6.2,11.0,13.0,Asia,42.0,CHINA
4656,1989,6.8,3.0,19.0,North America and Hawaii,,MEXICO
4659,1989,5.6,1.0,33.0,Asia,91.0,CHINA
4661,1989,5.8,114.0,31.0,Middle East,,IRAN
4662,1989,5.1,1.0,6.0,Asia,,BANGLADESH
4668,1989,5.8,120.0,14.0,Central and South Pacific,,INDONESIA
4669,1989,5.0,1.0,18.0,Asia,,RUSSIA
4670,1989,6.3,2.0,12.0,Africa,2.0,DJIBOUTI
4673,1989,6.1,1.0,15.0,Asia,151.0,CHINA
4675,1989,6.9,62.0,19.0,North America and Hawaii,3757.0,USA
4676,1989,5.3,29.0,10.0,Asia,193.0,CHINA
4678,1989,5.7,30.0,6.0,Africa,245.0,ALGERIA
4681,1989,4.7,4.0,33.0,Asia,161.0,CHINA
4682,1989,5.9,3.0,18.0,Middle East,45.0,IRAN
4683,1989,7.5,2.0,24.0,Central and South Pacific,,PHILIPPINES
4684,1989,5.4,12.0,10.0,Central and South Pacific,100.0,AUSTRALIA
4689,1990,6.1,11.0,10.0,Asia,40.0,PAKISTAN
4692,1990,5.5,1.0,39.0,Central and South Pacific,2.0,PHILIPPINES
4696,1990,7.6,3.0,26.0,Central and South Pacific,25.0,INDONESIA
4698,1990,6.9,126.0,8.0,Asia,2049.0,CHINA
4699,1990,5.4,2.0,10.0,Europe,16.0,ITALY
4701,1990,7.1,31.0,15.0,Africa,,SUDAN
4703,1990,6.5,200.0,24.0,South America,8130.0,PERU
4704,1990,6.7,14.0,89.0,Europe,700.0,ROMANIA
4707,1990,4.9,1.0,26.0,South America,,PERU
4708,1990,7.1,4.0,18.0,Central and South Pacific,15.0,PHILIPPINES
4709,1990,6.8,1.0,58.0,Asia,,KAZAKHSTAN
4711,1990,7.3,40000.0,19.0,Middle East,105000.0,IRAN
4712,1990,5.3,20.0,15.0,Middle East,,IRAN
4714,1990,5.6,43.0,217.0,Asia,,AFGHANISTAN
4715,1990,7.8,2412.0,25.0,Central and South Pacific,3000.0,PHILIPPINES
4719,1990,4.4,4.0,5.0,South America,10.0,ECUADOR
4721,1990,4.2,2.0,5.0,Africa,5.0,SOUTH AFRICA
4723,1990,4.0,10.0,5.0,Africa,6.0,SOUTH AFRICA
4724,1990,5.8,7.0,12.0,Asia,92.0,CHINA
4725,1990,6.0,11.0,114.0,Asia,250.0,AFGHANISTAN
4726,1990,6.7,22.0,11.0,Middle East,100.0,IRAN
4727,1990,6.8,1.0,48.0,Asia,32.0,INDONESIA
4730,1990,5.3,19.0,11.0,Europe,200.0,ITALY
4731,1990,6.2,2.0,12.0,Asia,3.0,TAIWAN
4733,1990,5.9,1.0,13.0,Europe,60.0,GREECE
4734,1990,5.7,2.0,17.0,Central America,350.0,COSTA RICA
4737,1991,6.4,848.0,142.0,Asia,200.0,AFGHANISTAN
4739,1991,3.8,9.0,5.0,Europe,,FRANCE
4745,1991,6.7,53.0,20.0,South America,252.0,PERU
4748,1991,7.6,87.0,10.0,Caribbean,895.0,COSTA RICA
4749,1991,4.5,1.0,33.0,Middle East,3.0,TURKEY
4750,1991,7.0,270.0,17.0,Asia,,GEORGIA
4753,1991,4.5,1.0,33.0,Central and South Pacific,,MALAYSIA
4754,1991,6.1,8.0,9.0,Asia,200.0,GEORGIA
4758,1991,5.1,2.0,11.0,North America and Hawaii,104.0,USA
4759,1991,6.5,28.0,29.0,Asia,181.0,INDONESIA
4760,1991,5.6,2.0,11.0,Europe,30.0,ROMANIA
4762,1991,4.7,92.0,5.0,South America,30.0,PERU
4763,1991,5.1,20.0,26.0,Middle East,,IRAQ
4768,1991,6.2,25.0,5.0,Central America,200.0,GUATEMALA
4770,1991,7.0,2000.0,10.0,Asia,1800.0,INDIA
4773,1991,6.4,2.0,21.0,South America,,COLOMBIA
4774,1991,4.7,11.0,10.0,Asia,40.0,YEMEN
4775,1991,5.0,1.0,16.0,Middle East,70.0,IRAN
4781,1992,4.6,6.0,18.0,Middle East,50.0,IRAN
4782,1992,6.9,653.0,27.0,Middle East,2000.0,TURKEY
4783,1992,5.2,1.0,21.0,Europe,45.0,NETHERLANDS
4786,1992,6.2,4.0,50.0,Asia,,KYRGYZSTAN
4788,1992,6.0,36.0,16.0,Asia,100.0,PAKISTAN
4791,1992,7.6,3.0,1.0,North America and Hawaii,400.0,USA
4796,1992,7.5,75.0,27.0,Asia,,KYRGYZSTAN
4797,1992,5.5,4.0,9.0,Asia,200.0,PAKISTAN
4799,1992,4.7,1.0,18.0,Middle East,11.0,IRAN
4800,1992,7.0,8.0,11.0,Africa,37.0,CONGO
4801,1992,5.3,545.0,22.0,Africa,6512.0,EGYPT
4803,1992,7.4,11.0,10.0,South America,115.0,COLOMBIA
4804,1992,7.8,1000.0,28.0,Asia,500.0,INDONESIA
4805,1993,7.6,2.0,102.0,Asia,,JAPAN
4809,1993,6.4,5.0,10.0,Central and South Pacific,201.0,WALLIS AND FUTUNA (FRENCH TERRITORY)
4810,1993,6.2,2.0,12.0,Asia,3.0,CHINA
4813,1993,6.3,6.0,106.0,South America,,PERU
4816,1993,5.4,24.0,33.0,Middle East,,IRAN
4817,1993,5.8,2.0,20.0,Central America,9.0,COSTA RICA
4818,1993,7.7,23.0,17.0,Asia,233.0,JAPAN
4820,1993,5.5,2.0,13.0,Africa,9.0,SUDAN
4823,1993,7.2,1.0,34.0,Central America,3.0,GUATEMALA
4824,1993,6.0,2.0,11.0,North America and Hawaii,,USA
4825,1993,6.2,11000.0,7.0,Asia,30000.0,INDIA
4826,1993,6.9,60.0,25.0,Central and South Pacific,200.0,PAPUA NEW GUINEA
4833,1994,6.7,60.0,18.0,North America and Hawaii,7000.0,USA
4834,1994,7.0,9.0,20.0,Central and South Pacific,300.0,INDONESIA
4836,1994,6.2,7.0,14.0,Africa,,UGANDA
4837,1994,6.9,207.0,23.0,Asia,2000.0,INDONESIA
4838,1994,6.1,6.0,6.0,Middle East,,IRAN
4839,1994,6.1,2.0,13.0,Middle East,50.0,IRAN
4840,1994,5.4,4.0,59.0,Caribbean,,HAITI
4843,1994,6.1,160.0,19.0,Asia,,AFGHANISTAN
4848,1994,6.4,1.0,11.0,Asia,2.0,TAIWAN
4850,1994,6.8,650.0,12.0,South America,,COLOMBIA
4851,1994,8.2,5.0,631.0,South America,,BOLIVIA
4853,1994,5.9,3.0,9.0,Middle East,100.0,IRAN
4854,1994,5.9,171.0,9.0,Africa,,ALGERIA
4856,1994,8.3,11.0,14.0,Asia,382.0,RUSSIA
4857,1994,6.8,1.0,17.0,Central and South Pacific,52.0,INDONESIA
4859,1994,7.1,81.0,32.0,Central and South Pacific,225.0,PHILIPPINES
4861,1994,7.8,3.0,27.0,Asia,200.0,JAPAN
4863,1995,6.9,5502.0,22.0,Asia,36896.0,JAPAN
4864,1995,6.5,7.0,17.0,South America,,COLOMBIA
4866,1995,6.4,45.0,74.0,South America,400.0,COLOMBIA
4867,1995,5.9,2.0,10.0,Europe,5.0,CYPRUS
4876,1995,7.1,1989.0,11.0,Asia,750.0,RUSSIA
4877,1995,6.5,26.0,14.0,Europe,60.0,GREECE
4878,1995,6.8,11.0,13.0,Asia,136.0,CHINA
4879,1995,5.6,14.0,13.0,Asia,60.0,CHINA
4880,1995,8.0,3.0,46.0,South America,58.0,CHILE
4882,1995,7.4,3.0,23.0,North America and Hawaii,100.0,MEXICO
4883,1995,6.4,95.0,33.0,Middle East,348.0,TURKEY
4884,1995,7.0,2.0,24.0,South America,5.0,ECUADOR
4886,1995,6.8,84.0,33.0,Asia,1868.0,INDONESIA
4887,1995,8.0,49.0,33.0,North America and Hawaii,200.0,MEXICO
4890,1995,6.2,81.0,10.0,Asia,800.0,CHINA
4892,1995,7.2,11.0,10.0,Africa,47.0,EGYPT
4895,1996,6.6,322.0,11.0,Asia,17057.0,CHINA
4896,1996,8.2,54.0,33.0,Central and South Pacific,423.0,INDONESIA
4899,1996,6.3,24.0,28.0,Asia,128.0,CHINA
4900,1996,5.9,27.0,33.0,South America,,ECUADOR
4901,1996,7.2,1.0,44.0,Central and South Pacific,,SOLOMON ISLANDS
4902,1996,6.0,23.0,26.0,Asia,330.0,CHINA
4911,1996,7.7,14.0,33.0,South America,560.0,PERU
4914,1997,7.2,1.0,33.0,North America and Hawaii,,MEXICO
4916,1997,5.9,12.0,33.0,Asia,40.0,CHINA
4917,1997,6.5,88.0,10.0,Middle East,1948.0,IRAN
4918,1997,7.1,60.0,33.0,Asia,,PAKISTAN
4919,1997,6.1,1100.0,10.0,Middle East,2600.0,IRAN
4920,1997,5.6,2.0,22.0,Asia,6.0,CHINA
4921,1997,4.9,15.0,50.0,Asia,,PAKISTAN
4925,1997,6.2,9.0,15.0,Asia,89.0,CHINA
4929,1997,7.2,1728.0,10.0,Middle East,2300.0,IRAN
4930,1997,6.4,1.0,196.0,Asia,,AFGHANISTAN
4931,1997,5.8,56.0,36.0,Asia,1000.0,INDIA
4933,1997,7.0,81.0,20.0,Caribbean,522.0,VENEZUELA
4934,1997,5.0,15.0,5.0,Africa,46.0,SOUTH AFRICA
4937,1997,6.0,14.0,10.0,Europe,100.0,ITALY
4938,1997,5.9,20.0,33.0,Central and South Pacific,300.0,INDONESIA
4941,1997,7.1,8.0,58.0,South America,300.0,CHILE
4944,1997,6.1,23.0,54.0,Asia,200.0,INDIA
4947,1998,5.7,70.0,30.0,Asia,11500.0,CHINA
4950,1998,5.9,2323.0,33.0,Asia,818.0,AFGHANISTAN
4951,1998,6.4,1.0,236.0,Asia,11.0,AFGHANISTAN
4952,1998,6.6,5.0,9.0,Middle East,50.0,IRAN
4956,1998,5.8,12.0,33.0,Middle East,10.0,IRAN
4957,1998,5.7,1.0,10.0,Europe,,AUSTRIA
4959,1998,6.6,105.0,24.0,South America,150.0,BOLIVIA
4961,1998,6.6,4700.0,33.0,Asia,,AFGHANISTAN
4963,1998,6.3,145.0,33.0,Middle East,1500.0,TURKEY
4964,1998,6.2,10.0,10.0,Europe,100.0,AZORES (PORTUGAL)
4966,1998,5.7,5.0,13.0,Asia,27.0,TAIWAN
4968,1998,7.2,3.0,33.0,South America,40.0,ECUADOR
4969,1998,6.4,3.0,33.0,Asia,7.0,CHINA
4970,1998,6.6,1.0,152.0,Asia,,INDONESIA
4971,1998,5.5,1.0,10.0,Europe,17.0,SERBIA
4974,1998,5.4,5.0,33.0,Middle East,105.0,IRAN
4975,1998,5.6,5.0,33.0,Asia,1543.0,CHINA
4976,1998,7.7,41.0,33.0,Central and South Pacific,107.0,INDONESIA
4978,1999,6.2,1185.0,17.0,South America,4750.0,COLOMBIA
4981,1999,6.0,70.0,33.0,Asia,500.0,AFGHANISTAN
4982,1999,6.6,1.0,33.0,Middle East,,IRAN
4984,1999,6.6,100.0,15.0,Asia,394.0,INDIA
4985,1999,6.8,1.0,87.0,South America,50.0,PERU
4986,1999,6.2,26.0,33.0,Middle East,100.0,IRAN
4987,1999,5.4,1.0,33.0,Asia,18.0,AZERBAIJAN
4988,1999,7.0,20.0,70.0,North America and Hawaii,200.0,MEXICO
4990,1999,6.7,2.0,10.0,Central America,40.0,GUATEMALA
4991,1999,4.2,6.0,10.0,Asia,200.0,BANGLADESH
4992,1999,7.6,17118.0,13.0,Middle East,50000.0,TURKEY
4993,1999,5.2,1.0,10.0,Middle East,166.0,TURKEY
4994,1999,6.0,143.0,10.0,Europe,1600.0,GREECE
4995,1999,5.8,7.0,13.0,Middle East,422.0,TURKEY
4996,1999,7.7,2297.0,33.0,Asia,8700.0,TAIWAN
4998,1999,7.5,35.0,61.0,North America and Hawaii,215.0,MEXICO
5000,1999,5.9,1.0,33.0,Asia,254.0,TAIWAN
5003,1999,5.7,2.0,22.0,Middle East,171.0,TURKEY
5004,1999,7.2,894.0,10.0,Middle East,4948.0,TURKEY
5005,1999,4.6,1.0,33.0,Asia,5.0,CHINA
5007,1999,7.5,5.0,33.0,Central and South Pacific,100.0,VANUATU
5009,1999,5.7,1.0,19.0,Middle East,6.0,TURKEY
5010,1999,7.3,5.0,33.0,Central and South Pacific,40.0,PHILIPPINES
5011,1999,6.5,5.0,56.0,Asia,220.0,INDONESIA
5012,1999,5.6,24.0,10.0,Africa,175.0,ALGERIA
5015,2000,5.9,5.0,33.0,Asia,2528.0,CHINA
5016,2000,5.3,1.0,33.0,Middle East,15.0,IRAN
5020,2000,7.6,46.0,26.0,Central and South Pacific,264.0,INDONESIA
5022,2000,5.4,3.0,10.0,Asia,13.0,TAIWAN
5023,2000,7.9,103.0,33.0,Asia,2174.0,INDONESIA
5024,2000,6.0,2.0,10.0,Middle East,80.0,TURKEY
5026,2000,6.7,1.0,33.0,Asia,,INDONESIA
5027,2000,6.4,2.0,33.0,Asia,36.0,TAIWAN
5031,2000,6.1,1.0,10.0,Asia,,JAPAN
5032,2000,5.4,7.0,33.0,Central America,42.0,NICARAGUA
5038,2000,4.2,1.0,33.0,Asia,406.0,CHINA
5044,2000,8.0,2.0,17.0,Central and South Pacific,,PAPUA NEW GUINEA
5047,2000,6.8,31.0,50.0,Asia,430.0,AZERBAIJAN
5048,2000,7.0,11.0,30.0,Asia,,TURKMENISTAN
5049,2000,6.0,6.0,10.0,Middle East,41.0,TURKEY
5051,2001,7.7,844.0,60.0,Central America,4723.0,EL SALVADOR
5052,2001,7.7,20005.0,16.0,Asia,166836.0,INDIA
5053,2001,6.6,315.0,10.0,Central America,3399.0,EL SALVADOR
5054,2001,5.6,3.0,33.0,Asia,109.0,CHINA
5055,2001,6.8,1.0,52.0,North America and Hawaii,400.0,USA
5056,2001,6.8,2.0,50.0,Asia,161.0,JAPAN
5057,2001,5.7,1.0,10.0,Central America,,EL SALVADOR
5058,2001,5.5,2.0,33.0,Asia,605.0,CHINA
5059,2001,5.0,4.0,62.0,Asia,20.0,AFGHANISTAN
5060,2001,8.4,77.0,33.0,South America,2713.0,PERU
5063,2001,7.6,1.0,33.0,South America,30.0,PERU
5066,2001,5.8,4.0,33.0,South America,15.0,PERU
5071,2001,5.6,1.0,10.0,Asia,220.0,CHINA
5076,2002,5.3,3.0,33.0,Asia,50.0,TAJIKISTAN
5077,2002,6.7,1.0,11.0,Central and South Pacific,,PAPUA NEW GUINEA
5081,2002,6.5,44.0,5.0,Middle East,318.0,TURKEY
5083,2002,5.4,1.0,33.0,Middle East,30.0,IRAN
5085,2002,7.4,166.0,226.0,Asia,,AFGHANISTAN
5086,2002,7.5,15.0,31.0,Central and South Pacific,100.0,PHILIPPINES
5087,2002,6.1,1000.0,8.0,Asia,200.0,AFGHANISTAN
5089,2002,7.1,5.0,33.0,Asia,200.0,TAIWAN
5091,2002,5.9,50.0,10.0,Asia,150.0,TAJIKISTAN
5094,2002,5.7,1.0,10.0,Europe,60.0,SERBIA
5095,2002,5.4,2.0,33.0,Middle East,56.0,IRAN
5096,2002,4.3,5.0,10.0,Asia,52.0,GEORGIA
5098,2002,5.5,2.0,10.0,Africa,,TANZANIA
5101,2002,6.5,261.0,10.0,Middle East,1300.0,IRAN
5106,2002,6.2,48.0,10.0,Central and South Pacific,,INDONESIA
5112,2002,6.0,2.0,5.0,Europe,20.0,ITALY
5113,2002,7.6,4.0,13.0,Central and South Pacific,70.0,PAPUA NEW GUINEA
5114,2002,6.5,2.0,21.0,Asia,,INDIA
5120,2002,7.6,8.0,10.0,Central and South Pacific,632.0,INDONESIA
5122,2002,6.2,2.0,11.0,Africa,,CONGO
5124,2002,5.7,29.0,10.0,Europe,135.0,ITALY
5125,2002,5.4,11.0,33.0,Asia,40.0,PAKISTAN
5126,2002,7.3,3.0,30.0,Asia,65.0,INDONESIA
5128,2002,6.3,19.0,33.0,Asia,40.0,PAKISTAN
5131,2002,5.5,2.0,22.0,Asia,,CHINA
5137,2003,7.5,29.0,24.0,North America and Hawaii,300.0,MEXICO
5140,2003,6.1,1.0,10.0,Middle East,,TURKEY
5146,2003,6.3,261.0,11.0,Asia,4000.0,CHINA
5147,2003,5.4,5.0,10.0,Asia,,CHINA
5150,2003,6.5,4.0,33.0,Asia,20.0,INDONESIA
5155,2003,6.4,177.0,10.0,Middle East,521.0,TURKEY
5156,2003,5.8,1.0,10.0,Asia,3.0,CHINA
5157,2003,6.8,2266.0,12.0,Africa,10261.0,ALGERIA
5159,2003,7.0,1.0,31.0,Central and South Pacific,7.0,INDONESIA
5160,2003,5.7,9.0,8.0,Africa,200.0,ALGERIA
5165,2003,5.8,1.0,10.0,Middle East,25.0,IRAN
5167,2003,5.9,16.0,10.0,Asia,584.0,CHINA
5171,2003,5.7,2.0,10.0,Asia,25.0,BANGLADESH
5176,2003,5.4,4.0,24.0,Asia,1000.0,CHINA
5182,2003,6.4,3.0,10.0,Caribbean,15.0,DOMINICAN REPUBLIC
5184,2003,7.3,3.0,16.0,Asia,5.0,RUSSIA
5190,2003,5.6,3.0,33.0,Asia,32.0,CHINA
5191,2003,5.8,9.0,10.0,Asia,43.0,CHINA
5193,2003,5.1,1.0,10.0,Asia,30.0,CHINA
5194,2003,5.6,4.0,33.0,Asia,65.0,CHINA
5196,2003,6.5,1.0,35.0,Central and South Pacific,21.0,PHILIPPINES
5198,2003,6.0,11.0,10.0,Asia,47.0,CHINA
5203,2003,6.6,2.0,8.0,North America and Hawaii,40.0,USA
5204,2003,6.5,2.0,33.0,Central America,75.0,PANAMA
5205,2003,6.6,31000.0,10.0,Middle East,30000.0,IRAN
5207,2004,5.8,1.0,45.0,Asia,29.0,INDONESIA
5214,2004,7.0,37.0,17.0,Central and South Pacific,682.0,INDONESIA
5217,2004,5.4,24.0,11.0,Asia,40.0,PAKISTAN
5218,2004,5.1,5.0,56.0,Asia,7.0,INDONESIA
5220,2004,4.7,3.0,10.0,Africa,,BURUNDI
5221,2004,6.4,628.0,0.0,Africa,926.0,MOROCCO
5224,2004,5.6,10.0,,Middle East,46.0,TURKEY
5226,2004,6.5,3.0,187.0,Asia,5.0,AFGHANISTAN
5230,2004,5.2,2.0,45.0,Asia,1.0,TAIWAN
5234,2004,4.5,1.0,10.0,Asia,30.0,PAKISTAN
5236,2004,6.3,35.0,17.0,Middle East,400.0,IRAN
5240,2004,5.1,18.0,5.0,Middle East,21.0,TURKEY
5241,2004,5.2,1.0,8.0,Europe,5.0,SLOVENIA
5243,2004,5.4,1.0,5.0,Central and South Pacific,2.0,NEW ZEALAND
5244,2004,5.2,2.0,10.0,Asia,40.0,AFGHANISTAN
5245,2004,4.0,1.0,5.0,Middle East,5.0,TURKEY
5247,2004,5.4,4.0,6.0,Asia,600.0,CHINA
5248,2004,5.7,1.0,7.0,Middle East,11.0,TURKEY
5251,2004,6.1,1.0,22.0,South America,,ARGENTINA
5259,2004,6.6,40.0,16.0,Asia,3183.0,JAPAN
5265,2004,7.5,34.0,10.0,Asia,400.0,INDONESIA
5268,2004,6.4,8.0,16.0,Central America,,COSTA RICA
5269,2004,6.3,1.0,14.0,Caribbean,12.0,GUADELOUPE
5273,2004,7.1,32.0,10.0,Central and South Pacific,130.0,INDONESIA
5284,2004,9.1,1001.0,30.0,Asia,,INDONESIA
5288,2005,6.3,1.0,11.0,Central and South Pacific,4.0,INDONESIA
5291,2005,5.9,2.0,41.0,Middle East,22.0,TURKEY
5293,2005,4.8,1.0,15.0,Asia,,INDONESIA
5297,2005,6.4,612.0,14.0,Middle East,1411.0,IRAN
5299,2005,4.3,2.0,5.0,Africa,58.0,SOUTH AFRICA
5305,2005,6.6,1.0,10.0,Asia,500.0,JAPAN
5306,2005,8.6,1303.0,30.0,Asia,340.0,INDONESIA
5308,2005,7.7,11.0,116.0,South America,200.0,CHILE
5316,2005,4.7,1.0,48.0,Asia,12.0,CHINA
5330,2005,7.5,5.0,115.0,South America,60.0,PERU
5332,2005,7.6,76213.0,26.0,Asia,146599.0,PAKISTAN
5333,2005,5.9,1.0,10.0,Middle East,15.0,TURKEY
5335,2005,4.2,1.0,10.0,Asia,1.0,CHINA
5338,2005,5.2,16.0,10.0,Asia,8000.0,CHINA
5340,2005,6.0,13.0,10.0,Middle East,100.0,IRAN
5341,2005,6.8,6.0,22.0,Africa,,CONGO
5342,2005,6.5,5.0,225.0,Asia,1.0,AFGHANISTAN
5343,2005,5.3,1.0,44.0,Asia,4.0,INDIA
5347,2006,5.3,2.0,30.0,Asia,2.0,INDIA
5349,2006,7.0,4.0,11.0,Africa,36.0,MOZAMBIQUE
5353,2006,4.9,1.0,10.0,Asia,22.0,PAKISTAN
5355,2006,4.9,4.0,10.0,Africa,9.0,ALGERIA
5356,2006,5.9,1.0,18.0,Middle East,1.0,IRAN
5358,2006,6.1,70.0,7.0,Middle East,1300.0,IRAN
5370,2006,6.3,5749.0,13.0,Asia,38568.0,INDONESIA
5371,2006,5.1,2.0,5.0,Middle East,4.0,IRAN
5378,2006,4.9,22.0,56.0,Asia,106.0,CHINA
5379,2006,5.6,3.0,34.0,Asia,19.0,TAJIKISTAN
5383,2006,4.6,1.0,22.0,Asia,31.0,CHINA
5387,2006,5.5,1.0,52.0,Caribbean,,TRINIDAD AND TOBAGO
5398,2006,6.3,1.0,43.0,Asia,14.0,INDONESIA
5401,2006,5.8,7.0,30.0,Asia,100.0,INDONESIA
5404,2006,7.0,2.0,10.0,Asia,40.0,TAIWAN
5411,2007,7.5,4.0,22.0,Central and South Pacific,4.0,INDONESIA
5414,2007,6.4,67.0,19.0,Asia,826.0,INDONESIA
5418,2007,6.7,1.0,8.0,Asia,150.0,JAPAN
5420,2007,8.1,2.0,24.0,Central and South Pacific,,SOLOMON ISLANDS
5424,2007,6.2,2.0,37.0,South America,,CHILE
5429,2007,6.1,3.0,5.0,Asia,329.0,CHINA
5433,2007,6.6,9.0,10.0,Asia,1088.0,JAPAN
5436,2007,5.2,12.0,10.0,Asia,,TAJIKISTAN
5440,2007,6.2,2.0,5.0,Asia,12.0,RUSSIA
5442,2007,4.2,9.0,2.0,North America and Hawaii,,USA
5444,2007,8.0,514.0,39.0,South America,1090.0,PERU
5445,2007,1.6,3.0,0.0,North America and Hawaii,6.0,USA
5451,2007,8.4,25.0,34.0,Asia,161.0,INDONESIA
5456,2007,4.8,1.0,10.0,Asia,12.0,PAKISTAN
5458,2007,5.1,1.0,10.0,Asia,5.0,INDIA
5459,2007,5.1,1.0,72.0,Central and South Pacific,,PHILIPPINES
5461,2007,7.7,2.0,40.0,South America,65.0,CHILE
5464,2007,6.5,3.0,35.0,Asia,,INDONESIA
5466,2007,7.4,1.0,156.0,Caribbean,102.0,MARTINIQUE
5467,2007,4.6,1.0,10.0,South America,6.0,BRAZIL
5470,2007,6.6,1.0,20.0,Central and South Pacific,,NEW ZEALAND
5476,2008,4.6,1.0,10.0,Africa,,ALGERIA
5478,2008,6.1,1.0,20.0,Asia,5.0,INDONESIA
5479,2008,5.9,38.0,10.0,Africa,717.0,CONGO
5480,2008,4.3,1.0,10.0,Asia,50.0,INDIA
5483,2008,4.9,1.0,10.0,Africa,109.0,RWANDA
5485,2008,7.4,3.0,26.0,Asia,25.0,INDONESIA
5500,2008,7.9,87652.0,19.0,Asia,374171.0,CHINA
5502,2008,5.6,6.0,9.0,South America,,COLOMBIA
5503,2008,6.0,8.0,10.0,Asia,927.0,CHINA
5507,2008,5.5,1.0,4.0,Africa,30.0,ALGERIA
5509,2008,6.3,2.0,16.0,Europe,240.0,GREECE
5510,2008,6.9,13.0,8.0,Asia,357.0,JAPAN
5514,2008,6.2,1.0,123.0,South America,,PERU
5516,2008,6.8,1.0,108.0,Asia,200.0,JAPAN
5517,2008,5.6,1.0,10.0,Asia,17.0,CHINA
5520,2008,6.0,4.0,6.0,Asia,29.0,CHINA
5524,2008,6.0,5.0,1.0,Asia,127.0,CHINA
5529,2008,5.9,43.0,17.0,Asia,589.0,CHINA
5531,2008,5.4,2.0,25.0,Asia,,INDONESIA
5532,2008,6.1,7.0,12.0,Middle East,45.0,IRAN
5534,2008,5.0,1.0,10.0,Asia,20.0,INDIA
5535,2008,6.6,74.0,27.0,Asia,140.0,KYRGYZSTAN
5536,2008,6.3,9.0,12.0,Asia,19.0,CHINA
5537,2008,5.7,13.0,16.0,Asia,100.0,RUSSIA
5538,2008,6.4,166.0,15.0,Asia,370.0,PAKISTAN
5541,2008,7.3,6.0,30.0,Central and South Pacific,77.0,INDONESIA
5543,2008,4.1,2.0,,Europe,3.0,CZECH REPUBLIC
5545,2008,4.5,2.0,25.0,Asia,3.0,CHINA
5550,2009,7.6,5.0,17.0,Central and South Pacific,250.0,INDONESIA
5552,2009,6.1,23.0,14.0,Central America,100.0,COSTA RICA
5561,2009,6.3,309.0,9.0,Europe,1500.0,ITALY
5562,2009,5.5,1.0,15.0,Europe,,ITALY
5564,2009,5.4,19.0,6.0,Asia,51.0,AFGHANISTAN
5569,2009,7.3,7.0,10.0,Caribbean,40.0,HONDURAS
5572,2009,5.4,1.0,15.0,Asia,,KAZAKHSTAN
5578,2009,3.4,2.0,10.0,Asia,1.0,CHINA
5580,2009,6.4,1.0,40.0,Asia,123.0,JAPAN
5584,2009,7.0,81.0,46.0,Asia,1297.0,INDONESIA
5589,2009,6.1,11.0,14.0,Asia,,BHUTAN
5592,2009,7.5,1117.0,81.0,Asia,1214.0,INDONESIA
5593,2009,6.6,3.0,10.0,Asia,,INDONESIA
5597,2009,6.1,5.0,18.0,Asia,,AFGHANISTAN
5601,2009,6.6,2.0,18.0,Asia,200.0,INDONESIA
5603,2009,3.5,2.0,2.0,Africa,3.0,SOUTH AFRICA
5604,2009,5.9,1.0,8.0,Africa,15.0,MALAWI
5608,2009,6.0,3.0,6.0,Africa,250.0,MALAWI
5615,2010,5.1,1.0,65.0,Asia,2.0,INDONESIA
5617,2010,7.0,316000.0,13.0,Caribbean,30000.0,HAITI
5620,2010,4.4,7.0,27.0,Asia,9.0,CHINA
5621,2010,4.7,1.0,10.0,Asia,15.0,CHINA
5624,2010,8.8,402.0,23.0,South America,12000.0,CHILE
5625,2010,6.3,2.0,10.0,South America,2.0,ARGENTINA
5627,2010,6.1,51.0,12.0,Middle East,100.0,TURKEY
5630,2010,7.2,2.0,4.0,North America and Hawaii,233.0,MEXICO
5632,2010,6.9,2220.0,17.0,Asia,12135.0,CHINA
5633,2010,5.6,11.0,13.0,Asia,70.0,AFGHANISTAN
5638,2010,5.2,2.0,2.0,Africa,43.0,ALGERIA
5643,2010,7.0,17.0,18.0,Central and South Pacific,,INDONESIA
5647,2010,6.2,1.0,20.0,North America and Hawaii,,MEXICO
5648,2010,5.8,1.0,10.0,Middle East,32.0,IRAN
5654,2010,5.7,3.0,7.0,Middle East,200.0,IRAN
5661,2010,5.8,1.0,27.0,Middle East,3.0,IRAN
5662,2010,5.2,1.0,33.0,Asia,15.0,PAKISTAN
5664,2010,5.5,2.0,1.0,Europe,100.0,SERBIA
5669,2010,6.5,7.0,12.0,Middle East,25.0,IRAN
5675,2011,7.2,3.0,68.0,Asia,,PAKISTAN
5677,2011,6.3,1.0,85.0,Asia,,MYANMAR (BURMA)
5680,2011,6.1,181.0,6.0,Central and South Pacific,1500.0,NEW ZEALAND
5683,2011,5.5,25.0,26.0,Asia,250.0,CHINA
5684,2011,9.1,1475.0,30.0,Asia,6157.0,JAPAN
5687,2011,6.8,75.0,8.0,Asia,123.0,MYANMAR (BURMA)
5689,2011,7.1,3.0,42.0,Asia,132.0,JAPAN
5691,2011,6.6,7.0,11.0,Asia,,JAPAN
5694,2011,5.1,10.0,1.0,Europe,,SPAIN
5695,2011,4.3,2.0,7.0,Middle East,125.0,TURKEY
5697,2011,6.0,1.0,6.0,Central and South Pacific,45.0,NEW ZEALAND
5703,2011,6.1,14.0,20.0,Asia,86.0,UZBEKISTAN
5711,2011,6.7,10.0,91.0,Asia,,INDONESIA
5713,2011,6.9,111.0,50.0,Asia,177.0,INDIA
5714,2011,5.6,1.0,9.0,Central America,,GUATEMALA
5717,2011,7.1,604.0,16.0,Middle East,2608.0,TURKEY
5718,2011,6.9,1.0,24.0,South America,103.0,PERU
5719,2011,3.5,2.0,10.0,Asia,,INDIA
5725,2011,5.7,40.0,5.0,Middle East,,TURKEY
5730,2011,6.4,2.0,54.0,North America and Hawaii,5.0,MEXICO
5736,2012,6.7,51.0,11.0,Central and South Pacific,112.0,PHILIPPINES
5743,2012,7.4,2.0,20.0,North America and Hawaii,13.0,MEXICO
5744,2012,7.2,1.0,41.0,South America,14.0,CHILE
5745,2012,8.6,10.0,20.0,Asia,12.0,INDONESIA
5748,2012,6.7,2.0,29.0,South America,,CHILE
5752,2012,5.7,1.0,10.0,Asia,,TAJIKISTAN
5755,2012,6.1,7.0,6.0,Europe,,ITALY
5758,2012,5.9,17.0,10.0,Europe,350.0,ITALY
5761,2012,5.8,75.0,16.0,Asia,13.0,AFGHANISTAN
5763,2012,5.5,4.0,10.0,Asia,394.0,CHINA
5765,2012,4.9,1.0,10.0,Asia,2.0,CHINA
5766,2012,6.5,1.0,22.0,Asia,,INDONESIA
5768,2012,6.5,306.0,11.0,Middle East,3000.0,IRAN
5770,2012,6.3,6.0,10.0,Central and South Pacific,43.0,INDONESIA
5772,2012,7.6,1.0,28.0,Central and South Pacific,1.0,PHILIPPINES
5773,2012,7.6,2.0,35.0,Central America,20.0,COSTA RICA
5774,2012,5.6,81.0,10.0,Asia,821.0,CHINA
5777,2012,7.3,48.0,24.0,Central America,155.0,GUATEMALA
5778,2012,6.8,26.0,14.0,Asia,230.0,MYANMAR (BURMA)
5780,2012,5.7,8.0,14.0,Middle East,12.0,IRAN
5783,2013,6.1,1.0,12.0,Asia,15.0,INDONESIA
5792,2013,6.0,1.0,19.0,Asia,86.0,TAIWAN
5793,2013,6.3,37.0,12.0,Middle East,850.0,IRAN
5796,2013,7.7,40.0,80.0,Middle East,300.0,IRAN
5798,2013,2.1,14.0,0.0,North America and Hawaii,200.0,USA
5800,2013,6.6,196.0,14.0,Asia,11470.0,CHINA
5801,2013,5.5,18.0,64.0,Asia,141.0,AFGHANISTAN
5802,2013,5.7,3.0,15.0,Asia,90.0,INDIA
5803,2013,6.1,2.0,15.0,Middle East,20.0,IRAN
5807,2013,6.3,4.0,17.0,Asia,21.0,TAIWAN
5810,2013,6.1,42.0,13.0,Asia,2500.0,INDONESIA
5814,2013,6.0,94.0,8.0,Asia,1001.0,CHINA
5821,2013,5.8,5.0,8.0,Asia,24.0,CHINA
5822,2013,6.4,1.0,66.0,Central America,11.0,GUATEMALA
5823,2013,7.7,825.0,15.0,Asia,619.0,PAKISTAN
5825,2013,6.8,22.0,12.0,Asia,50.0,PAKISTAN
5827,2013,7.1,222.0,19.0,Central and South Pacific,976.0,PHILIPPINES
5828,2013,5.5,1.0,10.0,Asia,2.0,INDONESIA
5833,2013,5.7,8.0,4.0,Middle East,200.0,IRAN
5834,2014,5.3,1.0,8.0,Middle East,30.0,IRAN
5848,2014,8.2,7.0,25.0,South America,,CHILE
5851,2014,6.1,2.0,13.0,Central America,250.0,NICARAGUA
5852,2014,7.1,1.0,61.0,Central and South Pacific,,PAPUA NEW GUINEA
5858,2014,6.1,1.0,6.0,Asia,32.0,THAILAND
5860,2014,4.5,2.0,15.0,Asia,70.0,PAKISTAN
5863,2014,6.9,3.0,23.0,Europe,266.0,GREECE
5867,2014,6.9,3.0,67.0,North America and Hawaii,33.0,MEXICO
5871,2014,6.3,1.0,107.0,North America and Hawaii,1.0,MEXICO
5872,2014,5.5,6.0,30.0,Africa,420.0,ALGERIA
5873,2014,6.2,615.0,12.0,Asia,3143.0,CHINA
5874,2014,5.5,1.0,5.0,Africa,17.0,SOUTH AFRICA
5875,2014,5.1,2.0,12.0,South America,8.0,ECUADOR
5878,2014,6.1,1.0,11.0,North America and Hawaii,257.0,USA
5880,2014,5.1,8.0,10.0,South America,6.0,PERU
5881,2014,6.1,1.0,9.0,Asia,323.0,CHINA
5883,2014,7.3,1.0,40.0,Central America,,EL SALVADOR
5885,2014,5.9,5.0,9.0,Asia,65.0,CHINA
5887,2014,5.6,1.0,10.0,Asia,15.0,CHINA
5893,2015,3.6,4.0,7.0,Europe,1.0,BOSNIA-HERZEGOVINA
5900,2015,4.6,2.0,10.0,Asia,13.0,CHINA
5902,2015,6.4,1.0,29.0,Asia,1.0,TAIWAN
5903,2015,7.8,8200.0,8.0,Asia,17866.0,NEPAL
5906,2015,7.3,117.0,15.0,Asia,2800.0,NEPAL
5908,2015,6.0,18.0,10.0,Central and South Pacific,,MALAYSIA
5910,2015,6.4,3.0,10.0,Asia,263.0,CHINA
5911,2015,6.1,1.0,32.0,Central and South Pacific,,PHILIPPINES
5914,2015,5.1,3.0,17.0,Asia,1.0,PAKISTAN
5916,2015,7.0,1.0,48.0,Central and South Pacific,,INDONESIA
5918,2015,5.8,3.0,11.0,Africa,30.0,RWANDA
5920,2015,8.3,7.0,22.0,South America,14.0,CHILE
5922,2015,5.8,2.0,33.0,South America,30.0,ARGENTINA
5923,2015,7.5,399.0,231.0,Asia,1770.0,AFGHANISTAN
5925,2015,5.3,1.0,14.0,South America,,VENEZUELA
5928,2015,6.5,2.0,11.0,Europe,4.0,GREECE
5931,2015,5.1,1.0,5.0,South America,3.0,VENEZUELA
5934,2015,7.2,2.0,22.0,Asia,,TAJIKISTAN
5935,2015,6.6,2.0,85.0,North America and Hawaii,,MEXICO
5936,2015,6.3,4.0,206.0,Asia,97.0,AFGHANISTAN
5937,2016,6.7,13.0,55.0,Asia,100.0,INDIA
5938,2016,5.6,1.0,4.0,Central and South Pacific,22.0,INDONESIA
5940,2016,6.3,1.0,12.0,Africa,26.0,MOROCCO
5941,2016,6.4,117.0,10.0,Asia,525.0,TAIWAN
5943,2016,6.6,6.0,212.0,Asia,5.0,AFGHANISTAN
5944,2016,6.9,2.0,136.0,Asia,170.0,MYANMAR (BURMA)
5945,2016,7.0,50.0,10.0,Asia,1500.0,JAPAN
5946,2016,7.8,663.0,17.0,South America,6274.0,ECUADOR
5949,2016,6.9,1.0,30.0,South America,162.0,ECUADOR
5951,2016,6.6,1.0,50.0,Asia,30.0,INDONESIA
5958,2016,5.5,9.0,8.0,South America,68.0,PERU
5961,2016,6.2,299.0,4.0,Europe,368.0,ITALY
5962,2016,6.8,4.0,82.0,Asia,20.0,MYANMAR (BURMA)
5964,2016,5.9,23.0,40.0,Africa,252.0,TANZANIA
5966,2016,5.4,1.0,13.0,Asia,14.0,SOUTH KOREA
5967,2016,4.8,8.0,10.0,Africa,,RWANDA
5968,2016,5.5,1.0,8.0,Central America,5.0,NICARAGUA
5969,2016,5.4,1.0,10.0,Asia,,PAKISTAN
5971,2016,6.1,1.0,10.0,Europe,,ITALY
5972,2016,6.6,2.0,9.0,Europe,20.0,ITALY
5974,2016,7.8,2.0,15.0,Central and South Pacific,,NEW ZEALAND
5977,2016,6.6,1.0,17.0,Asia,,CHINA
5978,2016,5.4,1.0,10.0,Asia,1.0,NEPAL
5979,2016,4.2,8.0,5.0,Europe,9.0,POLAND
5981,2016,6.2,1.0,10.0,South America,17.0,PERU
5982,2016,6.5,104.0,13.0,Asia,857.0,INDONESIA
5983,2016,6.0,1.0,18.0,Asia,,CHINA
5984,2016,7.8,1.0,40.0,Central and South Pacific,,SOLOMON ISLANDS
5987,2016,5.4,3.0,6.0,South America,47.0,ECUADOR
5989,2017,5.7,3.0,32.0,Asia,,INDIA
5991,2017,5.0,4.0,10.0,Middle East,4.0,IRAN
5992,2017,5.5,2.0,7.0,Asia,,MADAGASCAR
5993,2017,5.7,34.0,9.0,Europe,11.0,ITALY
5994,2017,7.9,3.0,135.0,Central and South Pacific,,PAPUA NEW GUINEA
5998,2017,6.5,8.0,15.0,Central and South Pacific,202.0,PHILIPPINES
6000,2017,5.7,1.0,11.0,Central and South Pacific,45.0,PHILIPPINES
6001,2017,5.1,2.0,10.0,Asia,36.0,MYANMAR (BURMA)
6004,2017,6.1,2.0,13.0,Middle East,11.0,IRAN
6006,2017,4.8,1.0,10.0,Central America,3.0,EL SALVADOR
6011,2017,5.4,8.0,8.0,Asia,23.0,CHINA
6013,2017,5.6,3.0,8.0,Middle East,400.0,IRAN
6014,2017,4.4,1.0,10.0,Africa,18.0,TANZANIA
6017,2017,6.3,1.0,12.0,Europe,15.0,GREECE
6018,2017,6.9,5.0,93.0,Central America,30.0,GUATEMALA
6019,2017,3.2,1.0,,Asia,1.0,NEPAL
6022,2017,6.5,4.0,11.0,Central and South Pacific,448.0,PHILIPPINES
6024,2017,6.4,1.0,44.0,South America,1.0,PERU
6025,2017,6.6,2.0,7.0,Middle East,500.0,TURKEY
6026,2017,5.4,1.0,99.0,South America,,CHILE
6027,2017,6.5,25.0,9.0,Asia,525.0,CHINA
6029,2017,5.6,1.0,41.0,South America,,PERU
6030,2017,5.8,1.0,32.0,South America,2.0,PERU
6031,2017,4.2,2.0,3.0,Europe,42.0,ITALY
6032,2017,5.0,2.0,17.0,Central and South Pacific,,PHILIPPINES
6033,2017,8.2,98.0,46.0,North America and Hawaii,251.0,MEXICO
6034,2017,7.1,369.0,39.0,North America and Hawaii,6000.0,MEXICO
6035,2017,6.1,5.0,10.0,North America and Hawaii,7.0,MEXICO
6038,2017,6.1,1.0,6.0,Central and South Pacific,,INDONESIA
6040,2017,7.3,630.0,19.0,Middle East,12900.0,IRAN
6041,2017,6.5,2.0,19.0,Central America,,COSTA RICA
6044,2017,5.8,1.0,8.0,Central and South Pacific,,INDONESIA
6050,2017,6.5,4.0,92.0,Asia,36.0,INDONESIA
6051,2017,4.9,2.0,10.0,Middle East,115.0,IRAN
6052,2017,4.0,1.0,10.0,Middle East,57.0,IRAN
6058,2018,7.1,2.0,36.0,South America,139.0,PERU
6059,2018,6.0,1.0,44.0,Asia,11.0,INDONESIA
6061,2018,6.1,2.0,191.0,Asia,15.0,AFGHANISTAN
6062,2018,5.2,1.0,19.0,Asia,,ECUADOR
6063,2018,6.4,17.0,11.0,Asia,291.0,TAIWAN
6064,2018,7.2,13.0,25.0,North America and Hawaii,,MEXICO
6065,2018,7.5,145.0,23.0,Central and South Pacific,300.0,PAPUA NEW GUINEA
6066,2018,6.1,1.0,16.0,Central and South Pacific,,PAPUA NEW GUINEA
6067,2018,6.0,11.0,10.0,Central and South Pacific,,PAPUA NEW GUINEA
6068,2018,6.7,25.0,10.0,Central and South Pacific,,PAPUA NEW GUINEA
6071,2018,6.3,4.0,10.0,Central and South Pacific,,PAPUA NEW GUINEA
6074,2018,4.4,3.0,4.0,Asia,21.0,INDONESIA
6077,2018,2.1,7.0,,Africa,6.0,SOUTH AFRICA
6079,2018,4.1,5.0,10.0,Europe,2.0,POLAND
6084,2018,5.3,1.0,24.0,Asia,31.0,AZERBAIJAN
6085,2018,4.9,2.0,10.0,South America,,COLOMBIA
6086,2018,5.5,5.0,11.0,Asia,380.0,JAPAN
6087,2018,5.2,1.0,10.0,Asia,2.0,INDONESIA
6089,2018,6.4,17.0,6.0,Asia,355.0,INDONESIA
6090,2018,6.9,560.0,31.0,Asia,7733.0,INDONESIA
6091,2018,5.9,2.0,10.0,Asia,24.0,INDONESIA
6094,2018,6.3,2.0,8.0,Asia,1.0,INDONESIA
6095,2018,6.9,10.0,26.0,Asia,24.0,INDONESIA
6096,2018,7.3,5.0,154.0,Caribbean,,VENEZUELA
6097,2018,6.0,2.0,10.0,Middle East,267.0,IRAN
6099,2018,6.6,44.0,33.0,Asia,660.0,JAPAN
6101,2018,5.5,1.0,10.0,Middle East,2.0,IRAN
6103,2018,5.3,1.0,10.0,Asia,,INDIA
6104,2018,7.5,4340.0,10.0,Central and South Pacific,10679.0,INDONESIA
6105,2018,5.9,18.0,12.0,Caribbean,580.0,HAITI
6106,2018,6.0,4.0,9.0,Asia,36.0,INDONESIA
6109,2018,5.6,7.0,9.0,Central and South Pacific,,INDONESIA
6110,2018,6.3,1.0,10.0,Middle East,759.0,IRAN
6120,2019,3.8,1.0,2.0,Europe,6.0,POLAND
6121,2019,6.7,2.0,53.0,South America,,CHILE
6122,2019,3.4,1.0,10.0,Europe,8.0,POLAND
6123,2019,5.6,1.0,10.0,South America,,COLOMBIA
6124,2019,3.6,1.0,5.0,Asia,,INDIA
6127,2019,7.5,1.0,132.0,South America,9.0,ECUADOR
6128,2019,4.9,2.0,10.0,Asia,12.0,CHINA
6130,2019,7.0,1.0,257.0,South America,1.0,PERU
6131,2019,5.5,6.0,24.0,Asia,,INDONESIA
6132,2019,5.5,1.0,22.0,Africa,,TANZANIA
6133,2019,6.8,1.0,18.0,Asia,,INDONESIA
6134,2019,6.1,1.0,20.0,Asia,16.0,TAIWAN
6135,2019,6.1,18.0,20.0,Central and South Pacific,183.0,PHILIPPINES
6140,2019,8.0,2.0,110.0,South America,30.0,PERU
6141,2019,6.6,1.0,58.0,Central America,1.0,EL SALVADOR
6145,2019,5.8,13.0,10.0,Asia,200.0,CHINA
6147,2019,3.1,3.0,,Europe,6.0,POLAND
6148,2019,6.4,1.0,11.0,North America and Hawaii,,USA
6150,2019,5.7,1.0,10.0,Middle East,128.0,IRAN
6151,2019,5.6,1.0,24.0,Central and South Pacific,3.0,PHILIPPINES
6153,2019,7.3,8.0,10.0,Central and South Pacific,134.0,INDONESIA
6155,2019,3.8,1.0,10.0,Asia,,INDIA
6156,2019,6.0,9.0,10.0,Central and South Pacific,64.0,PHILIPPINES
6157,2019,6.9,6.0,53.0,Asia,3.0,INDONESIA
6158,2019,5.9,1.0,10.0,Asia,,TAIWAN
6160,2019,5.1,1.0,10.0,Asia,63.0,CHINA
6162,2019,5.6,39.0,10.0,Asia,746.0,PAKISTAN
6163,2019,6.5,31.0,18.0,Central and South Pacific,179.0,INDONESIA
6164,2019,5.7,1.0,10.0,Middle East,34.0,TURKEY
6165,2019,6.1,1.0,129.0,South America,,CHILE
6166,2019,6.8,1.0,11.0,South America,,CHILE
6167,2019,5.0,1.0,54.0,Central and South Pacific,2.0,INDONESIA
6168,2019,6.4,7.0,14.0,Central and South Pacific,215.0,PHILIPPINES
6169,2019,6.6,12.0,15.0,Central and South Pacific,417.0,PHILIPPINES
6170,2019,6.5,9.0,10.0,Central and South Pacific,,PHILIPPINES
6172,2019,5.0,2.0,50.0,Central and South Pacific,3.0,INDONESIA
6173,2019,7.1,1.0,33.0,Central and South Pacific,3.0,INDONESIA
6175,2019,5.0,1.0,10.0,Asia,4.0,CHINA
6176,2019,6.4,51.0,20.0,Europe,2000.0,ALBANIA
6177,2019,6.8,13.0,22.0,Central and South Pacific,210.0,PHILIPPINES
6179,2020,6.4,4.0,10.0,Caribbean,,USA TERRITORY
6180,2020,6.0,1.0,6.0,Asia,2.0,CHINA
6181,2020,6.7,41.0,12.0,Middle East,1600.0,TURKEY
6183,2020,6.0,10.0,10.0,Middle East,60.0,IRAN
6186,2020,5.4,1.0,10.0,Europe,27.0,CROATIA
6190,2020,4.6,2.0,10.0,Middle East,22.0,IRAN
6191,2020,5.2,4.0,10.0,Asia,24.0,CHINA
